admin_user_email,,english_phrase,arabic_phrase,french_phrase
sanoop@rightsolutions.ae,,Anoxomer,E323 مكملات غذائية,Anoxomère
sanoop@rightsolutions.ae,,Ammonium Lactate,E328 إضافات مرطب الجلد,Lactate d'ammonium
sanoop@rightsolutions.ae,,Ammonium Malate,E349 إضافات غذائية,Malate d'Ammonium
sanoop@rightsolutions.ae,,Ammonium Phosphatide,E442 مكملات غذائية,Phosphatide d'Ammonium
sanoop@rightsolutions.ae,,Ammonium phosphatides,E442 مكملات غذائية,Phosphatides d'Ammonium
sanoop@rightsolutions.ae,,Ammonium Polyphosphate,E545 مكملات غذائية,Polyphosphate d'ammonium
sanoop@rightsolutions.ae,,Bartlett Pear,اجاص بارتليت,Poire Williams
sanoop@rightsolutions.ae,,Bartlett Pear,اجاص بارتليت,Poire Williams
sanoop@rightsolutions.ae,,Cadbury Celebrations,احتفالات كادبوري,Célébrations de Cadbury
sanoop@rightsolutions.ae,,Citric acid esters of mono- and diglycerides of fatty acids,استرات حامض الستريك أحادية وثنائي هليسيريد الأحماض الدهنية,Esters d'acide citrique de mono et diglycérides d'acides gras
sanoop@rightsolutions.ae,,Cations,الايونات الموجبة,Cations
sanoop@rightsolutions.ae,,Aspartame,الأسبارتام,Aspartame
sanoop@rightsolutions.ae,,Aspartame,الأسبارتام,Aspartame
sanoop@rightsolutions.ae,,Colors and Coloring Adjuncts (),الألوان وملحقات التلوين (),Couleurs et colorants annexes
sanoop@rightsolutions.ae,,Colours and Colouring Adjuncts (),الألوان وملحقات التلوين (),Couleurs et colorants annexes
sanoop@rightsolutions.ae,,Fallow Deer,الأيل الأسمر الأوروبي,Daim
sanoop@rightsolutions.ae,,Aubergine,الباذنجان,Aubergine
sanoop@rightsolutions.ae,,Bulgur,البرغل,Boulgour
sanoop@rightsolutions.ae,,Bergamot,البرغموت,Bergamote
sanoop@rightsolutions.ae,,Black Plum,البرقوق الأسود,Prune noire
sanoop@rightsolutions.ae,,Dehydrated onions,البصل المجفف,Oignons déshydratés
sanoop@rightsolutions.ae,,Chervil,البقدونس الإفرنجي,Cerfeuil
sanoop@rightsolutions.ae,,Calcium Pectinate,البكتين الكالسيوم,Pectinate de calcium
sanoop@rightsolutions.ae,,Bentonite,البنتونايت,Bentonite
sanoop@rightsolutions.ae,,Butane,البوتان,Butane
sanoop@rightsolutions.ae,,Butane,البوتان,Butane
sanoop@rightsolutions.ae,,Beta carotene for color,البيتا كاروتين لإضافة اللون,Bêta-carotène pour la couleur
sanoop@rightsolutions.ae,,Beta carotene for colour,البيتا كاروتين لإضافة اللون,Bêta-carotène pour la couleur
sanoop@rightsolutions.ae,,Biotin,البيوتين,Biotine
sanoop@rightsolutions.ae,,Birch,التامول,Bouleau
sanoop@rightsolutions.ae,,Dehydrated apples,التفاح المجفف,Pommes déshydratées
sanoop@rightsolutions.ae,,Blueberry,التوت البري,Myrtille
sanoop@rightsolutions.ae,,Cranberries,التوت البري,Canneberges
sanoop@rightsolutions.ae,,Cranberry,التوت البري,Canneberge
sanoop@rightsolutions.ae,,Chives,الثوم المعمر,Ciboulette
sanoop@rightsolutions.ae,,Arugula,الجرجير,Roquette
sanoop@rightsolutions.ae,,Citrus Red 2,الحمضيات الحمراء 2,Agrumes Rouge 2
sanoop@rightsolutions.ae,,Buckwheat,الحنطة السوداء,Sarrasin
sanoop@rightsolutions.ae,,Bedouin Bread,الخبز البدوي,Pain bédouin
sanoop@rightsolutions.ae,,Bluegill,الخيشوم,Crapet arlequin
sanoop@rightsolutions.ae,,Aldehyde C-18,الداهايد سي-18,Aldéhyde C-18
sanoop@rightsolutions.ae,,Aldehyde C-9,الداهايد سي-9,Aldéhyde C-9
sanoop@rightsolutions.ae,,Dehydrated chicken,الدجاج المجفف,Poulet déshydraté
sanoop@rightsolutions.ae,,Chinese White Shrimp,الروبيان الأبيض الصيني,Crevette blanche chinoise
sanoop@rightsolutions.ae,,Basil,الريحان,Basilique
sanoop@rightsolutions.ae,,Citral,السترال,Citral
sanoop@rightsolutions.ae,,Black Magic,السحر الأسود,Magie noire
sanoop@rightsolutions.ae,,Calories from Fat,السعرات الحرارية من الدهون,Calories provenant des lipides
sanoop@rightsolutions.ae,,Chard,السلق,Bettes
sanoop@rightsolutions.ae,,Cellulose,السلولوز,Cellulose
sanoop@rightsolutions.ae,,Cellulose,السلولوز,Cellulose
sanoop@rightsolutions.ae,,Blowfish,السمكة المنتفخة,Diodontidae
sanoop@rightsolutions.ae,,Acacia,السنط,Acacia
sanoop@rightsolutions.ae,,Cysteine,السيستين,Cystéine
sanoop@rightsolutions.ae,,Cysteine,السيستين,Cystéine
sanoop@rightsolutions.ae,,Dill,الشبت,Aneth
sanoop@rightsolutions.ae,,Dill and Its Derivatives,الشبت ومشتقاته,Aneth et ses dérivés
sanoop@rightsolutions.ae,,"Barley, Malted",الشعير، شراب,Orge maltée
sanoop@rightsolutions.ae,,Beetroot,الشمندر,Racine de betterave
sanoop@rightsolutions.ae,,Beet Red,الشمندر الأحمر,Rouge betterave
sanoop@rightsolutions.ae,,Beetroot Red - Betanin,الشمندر الأحمر - البيتانين,Betterave Rouge - Bétanine
sanoop@rightsolutions.ae,,Beet Greens,الشمندر الأخضر,Feuilles de betterave
sanoop@rightsolutions.ae,,"Beets, Dehydrated",الشمندر، مجفف,Betteraves déshydratées
sanoop@rightsolutions.ae,,Dark Chocolate Hobnobs,الشوكولاتة الداكنة هوبس نوبس,Hobnobs au chocolat noir
sanoop@rightsolutions.ae,,Dark Chocolate,الشوكولاته الداكنة,Chocolat noir
sanoop@rightsolutions.ae,,Energy kcal,الطاقة بالكيلو سعرة حرارية,Kcal d'énergie
sanoop@rightsolutions.ae,,Black Onyx,العقيق الأسود,Onyx noir
,,Deer,الغزال,Cerf
,,Chili,الفلفل الحار,Chili
,,Chili Pepper,الفلفل الحار,Piment
,,"Chili Pepper, Paprika",الفلفل الحار ، الفلفل الحلو,"Piment, Paprika"
,,"Chili Pepper, Cayenne Pepper",الفلفل الحار ، الفلفل حريف,"Piment, piment de cayenne"
,,"Chili Pepper, Habanero",الفلفل الحار ، هابانيرو,"Piment, Habanero"
,,"Chili Pepper, Jalapeno",الفلفل الحار ، هالابينو,"Piment, jalapeno"
,,"Chili Pepper, Tabasco Pepper",الفلفل الحار والفلفل الحار,"Piment, piment Tabasco"
,,Bell Pepper,الفلفل الحلو,Poivron
,,Bell Pepper,الفلفل الحلو,Poivron
,,Cherry Pepper,الفلفل الكرزي,Poivre cerise
,,Capsicum,الفليفلة,Poivron
,,Broad Beans,الفول,Fèves
,,Clove,القرنفل,Clou de girofle
,,Custard Apple,القشطة,Pomme à la crème
,,Cashew,الكاجو,Anacardier
,,Carrageenan,الكاراجينان,Carraghénane
,,Carrageenan,الكاراجينان,Carraghénane
,,Carotenes,الكاروتينات,Carotènes
,,Casein,الكازين,Caséine
,,Cocoa solids,الكاكاو,Solides de cacao
,,Calcium (Ca),الكالسيوم,Calcium (Ca)
,,"Calcium, Ca",الكالسيوم,"Calcium, Ca"
,,Calcium 5'-ribonucleotides,الكالسيوم 5'-ريبونوكليوتيدات,5'-ribonucléotides de calcium
,,Calcium 5'-ribonucleotides,الكالسيوم 5'-ريبونوكليوتيدات,5'-ribonucléotides de calcium
,,Calcium Saccharin,الكالسيوم السكرين,Saccharine de calcium
,,Calcium Inosinate,الكالسيوم إينوزينات,Inosinate de calcium
,,Canola,الكانولا,Canola
,,Caramel,الكراميل,Caramel
,,Caramel,الكراميل,Caramel
,,Caramelle,الكراميل,Caramelle
,,Caramel I,الكراميل ١,Caramel I
,,Caramel II,الكراميل ٢,Caramel II
,,Caramel III,الكراميل ٣,Caramel III
,,Caramel IV,الكراميل ٤,Caramel IV
,,"Carbohydrate, by difference",الكربوهيدرات ، عن طريق الفرق,"Glucides, par différence"
,,Curcumin,الكركمين,Curcumine
,,Curcumin,الكركمين,Curcumine
,,Cabbage,الكرنب,Chou
,,Cassava,الكسافا,Manioc
,,Chlorine,الكلور,Chlore
,,Chlorophyll,الكلوروفيل,Chlorophylle
,,Chlorophylls and Chlorophyllins,الكلوروفيل والكلوروفيلين,Chlorophylles
,,Amount,الكمية,Quantité
,,Amount per 100 grams,الكمية لكل 100جرام,Quantité par 100 grammes
,,Amount per 100 g,الكمية لكل 100جرام,Quantité par 100 g
,,Coca-Cola,الكوكا كولا,Coca Cola
,,Cola,الكولا,Cola
,,Collagen,الكولاجين,Collagène
,,Choline,الكولين,Choline
,,Corned Beef,اللحم البقري المحفوظ,Bœuf salé
,,Carmine,اللون القرمزي,Carmin
,,Carmoisine,اللون القرمزي,Carmoisine
,,Black Limes,الليمون الأسود,Lime séchée
,,English Muffin,المافن الإنجليزي,Muffin anglais
,,"1-Decanol, Natural",المعامل 504,"Decanol-1, Naturel"
,,Crackers,المقرمشات,Biscuits
,,Asparagus,الهليون,Asperges
,,Asparagine,الهليونين,Asparagine
,,Dandelion,الهندباء,Pissenlit
,,Chicory,الهندباء البرية,Chicorée
,,Carbamide,اليوريا,Carbamide
,,Carbamide,اليوريا,Carbamide
,,Enzymes,انزيمات,Enzymes
,,Ethyl Acrylate,إثيل أكريليت,Acrylate d'éthyle
,,Ethyl cellulose,إثيل سيليولوز,Ethyl Cellulose
,,Ergosterol,إرجوستيرول,Ergostérol
,,Ergocalciferol,إرغوكالسيفرول,Ergocalciférol
,,Erythrosine,إريتروسين (اللون الأحمر في بعض الصناعات الطبية),Érythrosine
,,Erythritol,إريثريتول (سكر من الطحالب),Érythritol
,,Additional Additives,إضافات إضافية,Additifs supplémentaires
,,Amidated Pectin,إضافات غذائية,Pectine amidée
,,Ammonium Fumarate,إضافات غذائية E368,Fumarate d'Ammonium
,,100Plus,إضافة,Plus 100
,,English,إنجليزي,Anglais
,,Ethanol,إيثانول,Éthanol
,,Absinthe,أبسينيت,Absinthe
,,Appletiser,أبلتايزر,Appletiseur
,,Danish Agar,أجار دنماركي,Gélose danoise
,,Acetylated Monoglyceride,أحادي الجليسورد بالأستيل,Monoglycéride acétylé
,,Acids (),أحماض,Acides
,,Acids / Acid Regulators (),أحماض/ منظم أحماض,Acides / Régulateurs d'acide
,,Ethyl lauroyl arginate,أرجينات لاوريول الأثيل,Ethyl lauroyle arginate
,,Chewing Gum Base,أساس العلكة,Base de chewing gum
,,Astaxanthin,أستازانتين,Astaxanthine
,,Calcium Ascorbate,أسكوربات الكالسيوم,Ascorbate de calcium
,,Calcium ascorbate,أسكوربات الكالسيوم,Ascorbate de calcium
,,Carbon Black,أسود فحمي,Noir carbone
,,Zinc Acetate,أسيتات الزنك,Acétate de zinc
,,Zinc acetate,أسيتات الزنك,Acétate de zinc
,,Cyclohexyl Acetate,أسيتات السيكلوهيكسل,Acétate de cyclohexyle
,,Calcium acetate,أسيتات الكالسيوم,Acétate de calcium
,,Calcium Acetate,أسيتات الكالسيوم,Acétate de calcium
,,Acetone Peroxide,أسيتون,Peroxyde d'acétone
,,Alginic Acid,أسيد الألجني,Acide alginique
,,Alginic acid,أسيد الألجني,Acide alginique
,,Amino Acids,أسيد أحادي البروتين,Acides aminés
,,Acid Calcium Phosphate,أسيد فوسفات الكالسيوم,Phosphate acide de calcium
,,Chocolate Finger,أصبع الشوكولاتة,Fingers au chocolat
,,Ammonium Glutamate,أضافات غذائية E624,Glutamate d'Ammonium
,,Balsam Herb,أعشاب البلسم,Herbe balsamique
,,Avocado,أفوكادو,Avocat
,,Frogs Legs,أقدام الضفدع,Cuisses de grenouilles
,,Acrolein,أكرولين، مركب طيار من الغيليسرين,Acroléine
,,Zinc Oxide,أكسيد الزنك,Oxyde de zinc
,,Calcium Oxide,أكسيد الكالسيوم,Oxyde de calcium
,,Calcium oxide,أكسيد الكالسيوم,Oxyde de calcium
,,Ethyl Oxyhydrate,أكسيهايدريت الأثيل,Oxyhydrate d'éthyle
,,Aldehyde C-16,ألداهايد سي-16,Aldéhyde C-16
,,Benzoic Aldehyde,ألدهايد البنزويك,Aldéhyde benzoïque
,,Alfabeto,ألفابيتو,Alfabeto
,,Colors (),ألوان (),Couleurs
,,Colors (),ألوان (),Couleurs
,,Colours (),ألوان (),Couleurs
,,Colours (),ألوان (),Couleurs
,,Artificial Colors (),ألوان صناعية,Colorants artificiels
,,Artificial Colours (),ألوان صناعية,Colorants artificiels
,,Aluminum,ألومونيوم,Aluminium
,,Chicory Root Fiber,ألياف جذر الهندباء,Fibre de racine de chicorée
,,Chicory Root Fibre,ألياف جذر الهندباء,Fibre de racine de chicorée
,,Barley Beta Fiber,ألياف شعير بيتا,Fibre bêta d'orge
,,Barley Beta Fibre,ألياف شعير بيتا,Fibre bêta d'orge
,,Dietary Fiber,ألياف غذائية,Fibre alimentaire
,,Dietary Fibre,ألياف غذائية,Fibre alimentaire
,,Fruit'n Fibre,ألياف وفاكهة,Fruit et fibre
,,Alecost,أليكوست,Menthe-coq
,,Aluminium,أليمونيوم,Aluminium - Aluminium
,,Aluminium,أليمونيوم,Aluminium
,,Alewife,أليوايف,Gaspareau
,,Calcium Salts of Fatty Acids,أملاح الكالسيوم من الأحماض الدهنية,Sels de calcium d'acides gras
,,Caseinates,أملاحه,Caséinates
,,Amioca,أميوكا,Amioca
,,Dried Pineapple,أنانس مجفف,Ananas séché
,,Cinnamyl Anthranilate,أنثرنيلات القرفة,Anthranilate de cinnamyle
,,Acetyl Tartrate Mono- and Diglyceride,أنزيم خل,Tartrate mono et diglycéride d'acétyle
,,Amylases,أنزيم سكري,Amylases
,,Europen Anchovy,أنشوجة أوروبية,Anchois Européen
,,Adipic Anhydride,أنهايدريد دهني,Anhydride adipique
,,Burdock Leaves,أوراق الأرقطيون,Feuilles de bardane
,,Curry Leaf,أوراق الكاري,Feuille de curry
,,Cilantro Leaf,أوراق الكزبرة,Feuille de coriandre
,,Dried Fenugreek Leaves,أوراق حلبة مجففة,Feuilles de fenugrec séchées
,,Aluminium Oleate,أوليات الألومونيوم,Oléate d'aluminium
,,Aero,أيرو,Aéro
,,Cinnamyl Isobutyrate,أيزوبوترايت القرفة,Isobutyrate de cinnamyle
,,Ethyl Isobutyrate,أيزوبوتيرات الأثيل,Isobutyrate d'éthyle
,,Acai,آساي,Açai
,,Ackee,آقية,Ackee
,,Aila,آيلا,Maquereau des Indes
,,Dried Papaya,بابايا مجففة,Papaye séchée
,,Camomile,بابونج,Camomille
,,Chamomile,بابونج,Camomille
,,Brinjal,باذنجان,Aubergine
,,Eggplant,باذنجان,Aubergine
,,Butylparaben,بارابين البوتيل,Butylparabène
,,Double Decker,باص بكابينتين,Double Decker
,,Calcium Pantothenate,بانتوثينات الكالسيوم,Pantothenate de calcium
,,Calcium Pantothenate,بانتوثينات الكالسيوم,Pantothenate de calcium
,,Bounty,باونتي / شوكولا باونتي,Bounty
,,Anisyl Butyrate,بترات اليانسون,Butyrate d'anisyle
,,Burdock Seeds,بذور الأرقطيون,Graines de bardane
,,Dill Seed,بذور الشبت,Graine d'aneth
,,Chia Seed,بذور الشيا,Graine de chia
,,Celery Seed,بذور الكرفس,Graine de céleri
,,Carom Seeds,بذور الينسون,Graines de carambole
,,Cydonia Seed,بذور سيدونيا,Graine de cydonia
,,Caraway Seed,بذور كراويا,Graine de carvi
,,Aloo Paratha,براتا محشوة,Aloo paratha
,,Bean Sprouts,براعم الفاصوليا,Germes de soja
,,Brussel Sprouts,براعم بروكسل,Choux de Bruxelles
,,Brussels Sprouts,براعم بروكسل,Choux de Bruxelles
,,Fruit Brandy,براندي الفاكهة,Eau-de-vie de fruits
,,Brandy Snaps,براندي سنابس,Brandy snaps
,,Chocolate Brownie,براوني الشوكولاتة,Brownie au chocolat
,,Blood Orange,برتقال أحمر / برتقال ماوردي,Orange sanguine
,,Beefburger,برجر لحم,Burger de bœuf
,,Alfalfa,برسيم حجازي,Luzerne
,,Bulgur Wheat,برغل القمح,Boulgour
,,Cask Ale,برميل مشروب الشعير,Bière brute
,,Citronellyl Propionate,بروبيونات السترونيل,Propionate de citronellyle
,,Cyclohexyl Propionate,بروبيونات السيكلوهكسيل,Propionate de cyclohexyle
,,Calcium propionate,بروبيونات الكالسيوم,Propionate de calcium
,,Calcium Propionate,بروبيونات الكالسيوم,Propionate de calcium
,,Anisyl Propionate,بروبيونات اليانسون,Propionate d'anisyle
,,Albumin,بروتين,Albumine
,,Milk proteins,بروتين الحليب,Protéines de lait
,,Broccoli,بروكلي,Brocoli
,,Broccoli,بروكلي,Brocoli
,,Calcium Bromate,بروميت الكالسيوم,Bromate de calcium
,,Brem,بريم,Brem
,,Biscuit,بسكوت,Biscuit
,,Cookie,بسكوت,Biscuit
,,Bath Oliver,بسكوت أوليفر,Biscuit sec
,,Beaten Biscuit,بسكوت بيتن,Biscuit battu
,,Chocolate Digestive,بسكوت دايجيستف بالشوكولاتة,Chocolat digestif
,,Chocolate Biscuit,بسكويت الشوكولاتة,Biscuit au chocolat
,,Basterma,بصطرمة,Pastirma
,,Basturma,بصطرمة,Pastirma
,,Dried Chives,بصل أخضر مجفف,Ciboulette séchée
,,Corms,بصيلة,Cormes
,,Bombay Duck,بط بومباي,Canard de Bombay
,,Duck,بطة,Canard
,,Domestic Duck,بطة محلية,Canard domestique
,,Cantaloupe Melon,بطيخ الشمام,Melon cantaloup
,,Bitter Melon,بطيخ مر,Melon amer
,,After Eight,بعد الثامنة,After Eight
,,Cicely,بقدونس إفرنجي,Cicely
,,Baklava,بقلاوة,Baklava
,,Blue Mussel,بلح البحر الأزرق,Moule bleue
,,Balm,بلسم,Baume
,,Balsam,بلسم,Baume
,,Balsam of Peru,بلسم من البيرو,Baume du Pérou
,,"Balm, Lemon",بلسم، ليمون,"Baume, citron"
,,Benzaldehyde,بنزألدهيد,Benzaldéhyde
,,Calcium Benzoate,بنزوات الكالسيوم,Benzoate de calcium
,,Calcium benzoate,بنزوات الكالسيوم,Benzoate de calcium
,,Benzoate of Soda,بنزيات الصودا,Benzoate de soda
,,Benzyl Propionate,بنزيل البروبيونات,Propionate de benzyle
,,Benzyl alcohol,بنزيل الكحول,Alcool benzoyle
,,Acesulfame Potassium,بوتاسيوم,Acésulfame de potassium
,,BHT ,بوتيل هيدروكسي تولوين,Hydroxytoluène butylé
,,Borax,بودرة البوراكس,Borax
,,Almond Powder,بودرة اللوز,Poudre d'amande
,,Dry Mango Powder,بودرة المانجو المجفف,Poudre de mangue séchée
,,Milk Powder,بودرة حليب,Lait en poudre
,,Apple Cider Vinegar Powder,بودرة خل روح التفاح,Poudre de vinaigre de cidre
,,Custard Powder,بودرة كاستردد,Poudre de crème
,,Amchoor,بودرة مانجو,Amasi
,,Amchoor Powder,بودرة مانجو,Amchur
,,Amchur,بودرة مانجو,Poudre d'amchur
,,Arrowroot Powder,بودرة نبات الطاعة / بودرة جذور الأروروت,Poudre de marante
,,Cabinet Pudding,بودينغ انجليزي,Pudding du chancelier
,,Eve's Pudding,بودينغ إيف,Pudding d'Ève
,,Black Pudding,بودينغ أسود,Boudin noir
,,Christmas Pudding,بودينغ عيد الميلاد,Pudding de Noël
,,Chocolate Bourbon,بوربون الشوكولاته,Chocolat bourbon
,,"Burnet, Salad",بورنت ، سلطة,Salad de burnet
,,Boza,بوظة,Boza
,,Calcium Polyphosphate,بولي فوسفات الكالسيوم,Polyphosphate de calcium
,,Egg Albumen,بياض البيض,Albumine d'œuf
,,Egg White,بياض البيض,Blanc d'œuf
,,Beta Carotene,بيتا كاروتين,Bêta-carotène
,,Beta-Carotene,بيتا كاروتين,Bêta-carotène
,,Betanin,بيتانين,Bétanine
,,Fruit Beer,بيرة الفاكهة,Bière aux fruits
,,Ale,بيرة محلاة,Ale
,,Bitter Ale,بيرة مرة,Bière amère
,,Burnet,بيرنت,Burnet
,,"Burnet, Garden",بيرنت ، حديقة,Jardin de burnet
,,"Burnet, Small",بيرنت ، صغير,Petit burnet
,,Calcium Pyrophosphate,بيروفسفات الكالسيوم,Pyrophosphate de calcium
,,Benzoyl Peroxide,بيروكسيد البنزويل,Péroxyde de benzoyle
,,Calcium Peroxide,بيروكسيد الكالسيوم,Peroxyde de calcium
,,BPA,بيسفينول A,Bisphénol A
,,Calcium Bisulfite,بيسلفيت الكالسيوم,Bisulfite de Calcium
,,Calcium Bisulphite,بيسلفيت الكالسيوم,Bisulfite de Calcium
,,Bison,بيسون,Bison
,,Egg,بيض,Œuf
,,Eggs,بيض,Œufs
,,Ammonium Bicarbonate,بيكاربونات الأمونيوم,Carbonate d'ammonium
,,Bicarbonate,بيكربونات,Bicarbonate
,,Bicarbonate of Soda,بيكربونات الصودا,Bicarbonate de soda
,,Bixin,بيكسين,Bixine
,,Baking Powder,بيكنج باودر,Levure
,,2-Pentanone,بينتانون,Pentanone-2
,,Custard Tart,تارت الكاسترد,Tarte à la crème
,,Bakewell Tart,تارت بيكويل / كعكة بيكويل,Tarte Bakewell
,,Chinese Date,تاريخ صيني,Date chinoise
,,Chocolate Truffle,ترافل الشوكولا,Truffe au chocolat
,,Cheon Sa Chae,تشون سا تشاي,Cheon Sa Chae
,,Cheerios,تشيريوس,Cheerios
,,Cheesecake,تشيز كيك,Gâteau au fromage
,,Chile,تشيلي,Chili
,,Chile Con Queso,تشيلي كون كويسو,Chili Con Queso
,,Crab Apple,تفاح حرجي,Pomme sauvage
,,Apple,تفاحة,Pomme
,,Average Composition,تكوينات تقريبية,Composition moyenne
,,Artificial Coloring (),تلوين صناعي,Colorant artificiel
,,Artificial Colouring (),تلوين صناعي,Colorant artificiel
,,Date,تمر,Date
,,Alligator,تمساح,Alligator
,,Crocodile,تمساح,Crocodile
,,Dates,تمور,Dates
,,Condiments,توابل,Condiments
,,Berbere,توابل البربري,Berebere
,,Blackberry,توت أسود,Mûre
,,Boysenberry,توت بويسينبيري,Mûre de Boysen
,,Chinese Bayberry,توت صيني,Bayberry chinois
,,Bullet Tuna,تونا بوليت,Bonitou
,,Dogfish,تونة,Chien de mer
,,Albacore,تونة الباكور,Thon blanc
,,Albacore Tuna,تونة الباكور,Thon blanc
,,Esccolar,تونة بيضاء,Esccolar
,,Dogtooth Tuna,تونة بيضة,Thon à dents de chien
,,Bigeye Tuna,تونة كبيرة العين,Thon obèse
,,Chlorine Dioxide,ثاني أكسيد الكلور,Dioxyde de chlore
,,Cheese Culture,ثقافة الجبن,Culture de fromage
,,Dry Ice,ثلج جاف,Glace carbonique
,,Double,ثنائي,Double
,,Calcium Diacetate,ثنائي الأسيتات الكالسيوم,Diacétate de calcium
,,Diacetyl,ثنائي الأسيتيل,Diacétyle
,,Bisphenol A,ثنائي الفينول أ,Bisphénol A
,,Biphenyl,ثنائي الفينيل,Biphényle
,,Acetylated Distarch Adipate,ثنائي النشا بالأستيل,Adipate de diamidon acétylé
,,Acetylated distarch adipate,ثنائي النشا بالأستيل,Adipate de diamidon acétylé
,,Acetylated Distarch Phosphate,ثنائي النشا بالأستيل مع الفوسفات,Phosphate de distarque acétylé
,,Acetylated distarch phosphate,ثنائي النشا بالأستيل مع الفوسفات,Phosphate de diamidon acétylé
,,Carbon dioxide,ثنائي أكسيد الكربون,Dioxide de carbone
,,Carbon Dioxide,ثنائي أكسيد الكربون,Dioxide de carbone
,,Acini di Pepe,ثنائي عنيبات,Acini di Pepe
,,Calcium Biphosphate,ثنائي فوسفات الكالسيوم,Biphosphate de calcium
,,American Bison,ثور أمريكي,Tarte aux pommes américaine
,,Domesticated Yak,ثور محلي,Yak domestiqué
,,Damson Gin,جِن دامسون,Damson Gin
,,Banbury Cake,جاتوه بانبيري,Gâteau Banbury
,,(Gamma)-Undecalactone,جاما أنديكالاكتون,(Gamma)-Undecalactone
,,(Gamma)-Octalactone,جاما أوكتالاكتون,(Gamma)-Octalactone
,,(Gamma)-Nonalactone,جاما نونالاكتون,(Gamma)-Nonalactone
,,Buffalo,جاموس,Buffle
,,Camembert,جبن الكممبير,Camembert
,,Shankleesh Cheese,جبنة الشنكليش,Fromage de Shankleesh
,,Shanklish Cheese,جبنة الشنكليش,Fromage de Shanklish
,,Shanklish Cheese,جبنة الشنكليش,Fromage de Shanklish
,,Shinklish Cheese,جبنة الشنكليش,Shinklish Cheese
,,Cheddar Cheese,جبنة الشيدر,Fromage cheddar
,,Cream Cheese,جبنة الكريمة,Fromage Frais
,,Edam,جبنة إيدام,Edam
,,Emmental Cheese,جبنة إيمينتال,Emmental
,,Emmentaler Cheese,جبنة إيمينتال,Emmental
,,American Cheese,جبنة أمريكية,Bison américain
,,Brie,جبنة بري,Brie
,,Baladi Cheese,جبنة بلدي,Fromage baladi
,,Chancliche Cheese,جبنة تشانكليش,Fromage de chancliche
,,Danish Blue Cheese,جبنة دنماركية,Fromage bleu danois
,,Blue Cheese,جبنة زرقاء,Fromage à pâte persillée
,,Blue Stilton,جبنة ستيلتون الزرقاء,Stilton bleu
,,Charkassiyea Cheese,جبنة شركسية,Fromage Charkassiyea
,,Cheddar Jack Cheese,جبنة شيدر جاك,Fromage cheddar jack
,,Cheshire Cheese,جبنة شيشاير,Fromage cheshire
,,Blue Cheshire,جبنة شيشاير الزرقاء,Cheshire bleu
,,Arab Cheese,جبنة عربية,Fromage arabe
,,Arabic Cheese,جبنة عربية,Fromage arabe
,,Cottage Cheese,جبنة قريش,Cottage cheese
,,Cadinene,جبنة كادينين,Cadinène
,,Caerphilly Cheese,جبنة كرفيلي,Fromage Caerphilly
,,Cotija Cheese,جبنة كوتيجا,Fromage Cotija
,,Colby Cheese,جبنة كولبي,Fromage Colby
,,Colby Jack Cheese,جبنة كولبي جالك,Fromage Colby Jack
,,Cabecou,جبنة ماعز كوبيكو,Cabecou
,,Shelal Cheese,جبنة مشللة,Fromage de Shelal
,,Cheese,جبنه,Fromage
,,Burdock Root,جذر الأرقطيون,Racine de bardane
,,Dandelion Root,جذر الهندباء,Racine de pissenlit
,,Burdock Root Tea,جذر شاي الأرقطيون,Thé à la racine de bardane
,,Crayfish,جراد البحر,Écrevisse
,,Energy Shot,جرعة طاقة,Energy Shot
,,Eruca,جرير,Eruca
,,Carrot,جزرة,Carotte
,,Cellulose Gel,جل السليلوز,Gel de cellulose
,,Black Tiger Shrimp,جمبري أسود عملاق,Crevette tigrée noire
,,Camel,جمل,Chameau
,,Alpaca,جمل جموب أمريكي,Alpaga
,,Milk Solids-Not-Fat,جوامد الحليب - باستثناء الدسم,Solide non gras du lait
,,Cashew Nut,جوز الكاجو,Noix de cajou
,,"Coconut, Desiccated",جوز الهند، مقطع,"Noix de coco, desséchée"
,,Coconut,جوز هند,Noix de coco
,,Dried coconut,جوز هند مجفف,Noix de coco séchée
,,Dutch Gin,جين ألماني,Gin néerlandais
,,Sharp,حاد,Tranchant
,,Extra Sharp,حاد جداً,Extra Sharp
,,Aconitic Acid,حامض الأكونتيك,Acide aconotique
,,Anise Seed,حب اليانسون,Graine d'anis
,,Cocoa kernels,حبات الكاكاو,Graines de cacao
,,Cuttlefish,"حبار
",Seiche
,,Corn Grain,حبة الذرة,Grain de maïs
,,Corn Grains,حبوب الذرة,Grains de maïs
,,Coffee Bean,حبوب القهوة,Grain de café
,,Cacao bean,حبوب الكاكاو,Fève de cacao
,,Cocoa bean,حبوب الكاكاو,Fève de cacao
,,All-Bran,حبوب فطور أول- بران,Son de blé
,,All-Bran Buds,حبوب فطور أول- بران,Bourgeons de son
,,Durum Granular,حبيبات القمح الصلب,Granule de blé dur
,,Earth Apple,حرشف القدس,Pomme de terre
,,Burn,حرق,Burn
,,Dill Weed,حشائش الشبت,Aneth
,,Bread Pudding,حشوة الخبز,Pudding au pain
,,Agar,حشيش صيني,Gélose
,,Escargot,حلزون,Escargot
,,Angel Delight,حلوى اسفنجية خالية من صفار البيض,Délice d'ange
,,Fruit Fool,حلوى الفاكهة الإنجليزية,Fruit Fool
,,Fruit Pastilles,حلوى الفاكهة الهلامية,Pastilles aux fruits
,,Fruit Crumble,حلوى الفواكه الهشة,Crumble aux fruits
,,Fudge,حلوى منفوشة لينة,Fudge
,,Arctic Roll,حلى الأركتيك رول,Rouleau arctique
,,Bombe Glacee,حلى بومبيه,Bombe glacée
,,Cherries Jubilee,حلى تشيري جوبيلي,Jubilé de cerises
,,Milk,حليب,Lait
,,Cow's milk,حليب الأبقار,Lait de vache
,,Milk Chocolate,حليب الشوكولاتة,Chocolat au lait
,,Milk Chocolate Hobnobs,حليب الشوكولاتة هوب نوبس,Hobnobs au chocolat au lait
,,Coconut Milk,حليب جوز الهند,Lait de coco
,,Condensed Coconut Milk,حليب جوز الهند المكثف,Lait de coco condensé
,,Evaporated Coconut Milk,حليب جوز هند مكثف,Lait de coco évaporé
,,Dried Skim Milk,حليب خالي من الدهن مجفف,Lait écrémé séché
,,Full Cream Milk,حليب كامل الدسم,Lait entier
,,Dry Whole Milk,حليب كامل الدسم مجفف,Lait entier sec
,,Evaporated Milk,حليب مبخر,Lait évaporé
,,Evapourated Milk,حليب مبخر,Lait évaporé
,,Dried Milk,حليب مجفف,Lait séché
,,Condensed Milk,حليب مكثف,Lait condensé
,,Amasi,حليب ملبن,Cerises amarena
,,Donkey,حمار,Âne
,,Domestic Pigeon,حمام محلي,Pigeon domestique
,,Ceci Beans,حمص,Haricots Ceci
,,Chick Peas,حمص,Pois chiches
,,Chickpeas,حمص,Pois chiches
,,2-Ethylbutyric Acid,حمض الإثيلبيوتيريك,Acide éthylbutyrique-2
,,Erythorbic acid,حمض الإريثوبيك,Acide érythorbique
,,Aspartic Acid,حمض الأسبارتيك الأميني,Acid aspartique
,,Aspartic Acid,حمض الأسبارتيك الأميني,Acid aspartique
,,Benzoic acid,حمض البنزويك,Acide benzoïque
,,Benzoic Acid,حمض البنزويك,Acide benzoïque
,,Boric Acid,حمض البوريك,Acide borique
,,Boric acid,حمض البوريك,Acide borique
,,Butyric Acid,حمض البيوتيريك,Acide butyrique
,,Citric acid,حمض الستريك,Acide citrique
,,Citric Acid,حمض الستريك,Acide citrique
,,Cyclamic Acid,حمض السيكلاميك,Acide cyclamique
,,Cyclamic acid and its Na and Ca salts,حمض السيكلاميك وأملاحه الصوديوم و الكالسيوم,Acide cyclamique et ses sels de Na et Ca
,,Acid Phosphate,حمض الفوسفات,Phosphate acide
,,Fumaric Acid,حمض الفوماريك,Acide fumarique
,,Fumaric Acid,حمض الفوماريك,Acide fumarique
,,Caprylic Acid,حمض الكابريليك,Acide caprylique
,,Calcium D Pantothenic Acid,حمض الكالسيوم بانتوثينيك,Calcium D acide pantothénique
,,Cholic Acid,حمض الكوليك,Acide cholique
,,Acetylated Tartaric Acid Monoglyceride,حمض أحادي الجليسريد المؤستل,Monoglycéride d'acide tartrique acétylé
,,Alanine,حمض أميني,Alanine
,,Arginine,حمض أميني,Arginine
,,Arginine,حمض أميني,Arginine
,,Acid Sodium Pyrophosphate,حمض بايروفوسفات الصوديوم,Pyrophosphate de sodium acide
,,Adipic Acid,حمض دهني,Acide adipique
,,Adipic acid,حمض دهني,Acide adipique
,,Cinnamic Acid,حمض سيناميك,Acide cinnamique
,,Ascorbic Acid,حمض صمغ الحلتيت,Acid ascorbique
,,Ascorbic acid,حمض صمغ الحلتيت,Acid ascorbique
,,Acid Casein,حمض قاني,Caséine acide
,,Calcium Acid Phosphate,حمض كالسيوم الفوسفات,Phosphate acide de calcium
,,BHA,حمض هيدروكسي,Hydroxyanisole butylé
,,Elk,حيوان الإلكة,Wapiti
,,Coypu,حيوان الكيب,Coypu
,,Bread,خبز,Pain
,,Bun,خبز,Petit pain
,,Brown Bread,خبز اسمر,Pain complet
,,Amish Friendship Bread,خبز الأميش,Pain d'amitié amish
,,Beigel,خبز البيجل,Beigel
,,Cornbread,خبز الذرة,Pain au maïs
,,Anadama Bread,خبز أسمر بريطاني,Pain Anadama
,,Black Bread,خبز أسود,Pain noir
,,Bath Bun,خبز باث,Petit pain
,,Brioche,خبز بريوش,Brioche
,,Beer Bread,خبز بمياه الشعير,Pain à la bière
,,Boule Bread,خبز بول الفرنسي,Boule
,,Chelsea Bun,خبز تشيلسي,Chelsea Bun
,,Bagel,خبز صمون مدور,Beignet
,,Arab Bread,خبز عربي,Pain arabe
,,Arabic Bread,خبز عربي,Pain arabe
,,Arabic Bread Big,خبز عربي كبير,Gros pain arabe
,,Cuban Bread,خبز كوبي,Pain cubain
,,Banana Bread,خبز موز,Pain à la banane
,,Bhakri,خبز هندي,Bhakri
,,Bhatoora,خبز هندي مقلي,Bhatura
,,Bhatura,خبز هندي مقلي,Bhatura
,,Bread and Butter Pudding,خبز وزبدة,Pudding au pain et beurre
,,Aarul,خثارة لبن مجفف,Lait caillé
,,Aaruul,خثارة لبن مجفف,Lait caillé
,,English Mustard,خردل إنجليزي,Moutarde anglaise
,,Black Mustard,خردل أسود,Moutarde noire
,,Dijon Mustard,خردل ديجون,Moutarde de Dijon
,,Dijon Wholegrain Mustard,خردل ديجون حبة كاملة,Moutarde à l'ancienne de Dijon
,,Black Sapote,خرمال أسود,Sapote noire
,,Carob,خروب,Caroube
,,Domestic Sheep,خروف محلي,Mouton domestique
,,Frisee,خس الفرزي,Endive frisée
,,Drum,خضار جنوب آسوية,Sciaenidae
,,Dried Vegetables,خضار مجففة,Légumes secs
,,Apfelwein,خل التفاح,Cidre
,,Cider Vinegar,خل التفاح,Vinaigre de cidre
,,Apple Vinegar,خل تفاح,Vinaigre de pomme
,,Corn Sugar Vinegar,خل سكر الذرة,Vinaigre de sucre de maïs
,,Distilled Vinegar,خل مقطر,Vinaigre distillé
,,Black Haw Bark Extract,خلاصة رباطية خوخية الورق أو خلاصة أفلوس خوخي الورق,Extrait d'écorce d'aubépine
,,Electrolyte Blend,خليط إليكترولايت,Mélange d'électrolytes
,,Baker's Yeast,خميرة الخَبز,Levure de boulanger
,,Domestic Pig,خنزير محلي,Porc domestique
,,Armenian Plum,خوخ أرميني,Prune arménienne
,,Damson,خوخ دامسون,Prune
,,Cucumber,خيار,Concombre
,,Corn Silk,خيوط حرير الذرة,Soie de maïs
,,D-Limonene,د -الليمونين,D-Limonene
,,D1-Alpha-tocopherol,د١ ألفا توكوفيرول / فيتامين ه,D1-Alpha-tocophérol
,,Diet Pepsi,دايت بيبسي,Diet Pepsi
,,Diet Coke,دايت كوكاكولا,Coca light
,,Diet Moutain Dew,دايت ماونتين ديو,Diet Moutain Dew
,,Diglyceride,دايجليسريد,Diglycéride
,,Dilauryl Thiodipropionate,دايلاوريل الثيوديبروبيونات,Thiodipropionate de dilauryle
,,Chicken,دجاج,Poulet
,,Cornfed Chicken,دجاج متغذي على الذرة,Poulet nourri au maïs
,,BodyArmor,درع,BodyArmor
,,Milk Fat,دسم الحليب,Matière grasse du lait
,,Milkfat,دسم الحليب,Matière grasse du lait
,,Milkfat,دسم الحليب,Matière grasse du lait
,,Bread Flour,دقيق الخبز,Farine de pain
,,Corn Flour,دقيق الذرة,Farine de maïs
,,Corn Meal,دقيق الذرة,Farine de maïs
,,Barley Flour,دقيق الشعير,Farine d'orge
,,Entire Wheat Flour,دقيق القمح الكامل,Farine de blé entière
,,Bromated Whole Wheat Flour,دقيق القمح الكامل معزز بالبوتاسيوم,Farine de blé entier bromée
,,Almond Flour,دقيق اللوز,Farine d'amande
,,Bleached Flour,دقيق أبيض,Farine blanchie
,,Enriched Bleached Flour,دقيق أبيض معزز,Farine blanchie enrichie
,,Enriched wheat flour (),دقيق طحين معزز,Farine de blé enrichie
,,Bleached wheat flour,دقيق قمح أبيض,Décolorants
,,Dry Milled Barley,دقيق قمح بارلي المجفف,Orge séchée
,,"Almond Flour, Blanched Ground",دقيق لوز خشن,Farine d'amande blanchie moulue
,,Chlorinated Maida Flour,دقيق مايدا الكلوريدي,Farine de Maida chlorée
,,All-Purpose Flour,دقيق متعدد الاستخدام,Farine tout usage
,,Clear Flour,دقيق مصفى,Farine claire
,,Enriched Flour,دقيق معزز,Farine enrichie
,,Arrowroot Flour,دقيق نبات الطاعة/ دقيق جذور الأروروت,Farine de marante
,,Dr Pepper,دكتور بيبر,Dr Pepper
,,Dextrin,دكسترين,Dextrine
,,Dextrin Roasted Starch,دكسترين النشاء المحمص,Amidon rôti de dextrine
,,Dolphin,دلفين,Dauphin
,,Damiana,دميانة,Damiana
,,Butter Fat,دهن,Graisse de beurre
,,Chicken fat,دهن الدجاج,Graisse de poulet
,,Shea fat,دهن الشيا,Graisse de karité
,,Coconut fat,دهن جوز الهند,Graisse de noix de coco
,,Doughnut,دونات,Donut
,,Domestic Turkey,ديك رومي محلي,Dinde domestique
,,Capon,ديك مخصي,Chapon
,,Dicalcium Diphosphate,ديكالسيوم دايفوسفات,Diphosphate dicalcique
,,"Dicalcium Phosphate, Anhydrous",ديكالسيوم فوسفات,Phosphate dicalcique anhydre
,,"Dicalcium Phosphate, Dihydrate",ديكالسيوم فوسفات، دايهايدرات,"Phosphate dicalcique, déshydraté"
,,Corn,ذرة,Blé
,,Calcium malates,ذكور الكالسيوم,Malates de calcium
,,Abalone,ذن البحر,Ormeau
,,10-K Thirst Quencher,راوي العطش,Boisson désaltérante 10-K
,,Black Haw,رباطية خوخية الورق أو أفلوس خوخي الورق,Aubépine
,,"1,4-heptononolactone",رباعي الكربون هيبتونونولاكتون,"heptononolactone 1,4"
,,Date and Walnut Loaf,رغيف التمر بالجوز,Pain aux dattes et aux noix
,,Bedfordshire Clanger,رفغيف اللحم الإنجليزي,Bedfordshire Clanger
,,Cookie Crisp,رقاقات البسكوت,Biscuit croquant
,,Corn Flakes,رقائق الذرة,Flocons de maïs
,,Corn Flakes,رقائق الذرة,Flocons de maïs
,,Barley Flakes,رقائق الشعير,Flocons d'orge
,,Chocolate chip (),رقائق الشوكلاته (),Pépite de chocolat
,,Chocolate chips (),رقائق الشوكولاته (),Pépites de chocolat
,,Celery Flakes,رقائق الكرفس,Flocons de céleri
,,Frosted Flakes,رقائق مثلجة,Flocons givrés
,,Acetic Acid,روح الخل,Acide acétique
,,Acetic acid,روح الخل,Acide acétique
,,Acetic Acid Esters of Mono and Diglycerides of Fatty Acids,روح الخل,Esters Acides Acétiques de Mono et Diglycérides d'Acides Gras
,,Acetic acid esters of mono- and diglycerides of fatty acids,روح الخل,Esters d'acide acétique de mono- et diglycérides d'acides gras
,,"Acetic Acid, Glacial",روح الخل,Acide Acétique Glacial
,,Acetic Anhydride,روح الخل,Anhydride acétique
,,Collin the Caterpillar,رول شوكولاتة كولين ذا كاتربيلر,Colin the Caterpillar
,,All Sport,رياضي بالكامل,Tout sport
,,Frozen Yoghurt,زبادي مثلج,Yaourt glacé
,,Frozen Yogurt,زبادي مثلج,Yaourt glacé
,,Butter,زبدة,Beurre
,,Butter Bean,زبدة البازلاء,Haricot beurre
,,Butterfat,زبدة الحليب,Matière grasse
,,Buttermilk,زبدة الحليب,Babeurre
,,"Buttermilk, Dried",زبدة الحليب، مجففة,Babeurre séché
,,Shea butter,زبدة الشيا,Beurre de karité
,,Cacao Butter,زبدة الكاكاو,Beurre de cacao
,,Cocoa Butter,زبدة الكاكاو,Beurre de cacao
,,Dried Buttermilk,زبدة حليب مجففة,Babeurre séché
,,Clarified Butter,زبدة صافية,Beurre clarifié
,,"Butter, Clarified",زبدة، نقية,Beurre clarifié
,,Zinc,زنك,Zinc
,,"Zinc, Zn",زنك,"Zinc, Zn"
,,Burdock Flower,زهرة الأرقطيون,Fleur de bardane
,,Borage,زهور لسان الثور,Bourrache
,,Dried Rose Petals,زهورات,Pétales de roses séchées
,,Argan Oil,زيت الأرجان,Huile d'Argan
,,Burdock Oil,زيت الأرقطيون,Huile de bardane
,,Babassu Oil,زيت الباباسو,Huile babassu
,,Bergamot Essential Oil,زيت البرغاموت العطري,Huile essentielle de bergamote
,,Balm Oil,زيت البلسم,Huile de baume
,,Carrot Oil,زيت الجزر,Huile de carotte
,,Citrus Oil,زيت الحمضيات,Huile d'agrumes
,,Castor Oil,زيت الخروع,Huile de castor
,,Corn Oil,زيت الذرة,Huile de maïs
,,Butter Oil,زيت الزبدة,Huile de beurre
,,Cinnamon Oil,زيت القرفة,Huile de cannelle
,,Amaranth Oil,زيت القطيفة,Amarante
,,Cashew Oil,زيت الكاجو,Huile de noix de cajou
,,Camellia Oil,زيت الكاميليا,Huile de camélia
,,Cananga Oil,زيت الكانجا,Huile de cananga
,,Canola Oil,زيت الكانولا,Huile de canola
,,Cumin Oil,زيت الكمون,Huile de cumin
,,Almond Oil,زيت اللوز,Huile d'amande
,,Apricot Oil,زيت المشمش,Huile d'abricot
,,Avocado Oil,زيت أفوكادو,Huile d'avocat
,,Blackcurrant Seed Oil,زيت بذرة الكشمش الأسود,Huile de pépins de cassis
,,Coriander Seed Oil,زيت بذور الكزبرة,Huile de graines de coriandre
,,Ben Oil,زيت بذور المورينجا,Huile de Ben
,,Cotton Seed Oil,زيت بزر القطن,Huile de graines de coton
,,Borage Seed Oil,زيت بزرة زهور لسان الثور,Huile de graines de bourrache
,,Balsam Peru Oil,زيت بلسم البيرو,Huile de baume
,,Coconut Oil,زيت جوز الهند,Huile de noix de coco
,,Black Seed Oil,زيت حبة البركة,Huile de graine noire
,,Brominated Vegetable Oil,زيت خضار معزز بالبوتاسيوم,Huile végétale bromée
,,Edible Oil,زيت صالح للأكل,Huile comestible
,,Carob Pod Oil,زيت قرنة الخروب,Huile de gousse de caroube
,,Cajeput Oil,زيت كاجيبوت,Huile de cajeput
,,Zivania,زيفانيا,Zivania
,,Edible Oils,زيوت صالح للأكل,Huiles comestibles
,,Zinc Citrate,سترات الزنك,Citrate de zinc
,,Calcium Citrate,سترات الكالسيوم,Citrate de calcium
,,Calcium citrates,سترات الكالسيوم,Citrate de calcium
,,Zinc Stearate,ستيرات الزنك,Stéarate de zinc
,,Calcium Stearate,ستيرات الكالسيوم,Stéarate de calcium
,,Beef Brisket Steak,ستيك البقر,Steak de poitrine de boeuf
,,Cervelat,سجق سيرفيلات,Cervelat
,,Chinese Sausage,سجق صيني,Saucisse chinoise
,,Cabanossi,سجق كابانوسي,Cabanossi
,,Chorizo,سجق كوريزو,Chorizo
,,Milk Sugar,سكر الحليب,Sucre de lait
,,Corn Sugar,سكر الذرة,Sucre de maïs
,,Beet Sugar,سكر الشمندر,Sucre de betterave
,,Dextrose,سكر العنب,Dextrose
,,Fruit Sugar,سكر الفاكهة,Sucre de fruits
,,Brown Sugar,سكر بني,Sucre brun
,,Basket Cheese,سلة جبنة,Panier de fromage
,,Crab,سلطعون,Crabe
,,Blue Crab,سلطعون أزرق,Crabe bleu
,,Dungeness Crab,سلطعون بحري,Crabe dormeur
,,Domesticated Quail,سمان محلي,Caille domestique
,,Benne,سمسم أو حبة البركة,Sésame
,,Alaska Pollock,سمك,Colin d'Alaska
,,Bream,سمك الأبراميس,Brème
,,Anchovies,سمك الأنشوفة,Anchois
,,Dory,سمك الدوري,Dory
,,Brook Trout,سمك السالمون المرقط,Omble de fontaine
,,Cutthroat Trout,سمك السلمون المرقط,Truite fardée
,,Catfish,سمك السلور,Poisson-chat
,,Channel Catfish,سمك السلور,Poisson chat
,,Carp,سمك الشبوط,Carpe
,,Bass,سمك القاروص,Bar
,,"Bass, Sea",سمك القاروص,Bar de la mer
,,Black Sea Bass,سمك القاروص الأسود,Bar noir
,,"Bass, Striped",سمك القاروص المخطط,Bar rayé
,,Cod,سمك القد,Morue
,,Black Cod,سمك القد الأسود,Morue noire
,,Bluefish,سمك القنبر / السمكة الزرقاء,Poisson bleu
,,Angler,سمك أبو الشص,Lotte de mer
,,Brill,سمك بريب,Barbue
,,Basa,سمك بنغاس بوكورتي,Poisson basa
,,Bonito,سمك بونيتو,Sardini
,,Dorade,سمك دوراد,Dorade
,,Dover Sole,سمك دوفر,Sole de Dover
,,Chinook Salmon,سمك سالمون تشينوك,Saumon Chinook
,,Coho Salmon,سمكا سالمون كوهو,Saumon Coho
,,Anchovy,سمكة الأنشوفة,Anchois
,,Barracuda,سمكة الباراكودا,Barracuda
,,Atlantic Bluefin Tuna,سمكة التونا الأطلنطية ذات الزعنفة الزرقاء,Thon rouge de l'Atlantique
,,Bluefin Tuna,سمكة التونة ذات الزعنفة الزرقاء,Thon rouge
,,Blackfin Tuna,سمكة التونة ذات الزعنفة السوداء,Thon à nageoires noires
,,Atlantic Ocean Perch,سمكة الجثم الأطلنطية,Sébaste orangé
,,Atlantic Herring,سمكة الرنجة الأطلنطية,Hareng atlantique
,,Butterfish,سمكة الزبيدي,Poisson-beurre
,,Butterfly Kingfish,سمكة الزبيدي الملك,Martin-papillon
,,Chum Salmon,سمكة السالمون,Saumon kéta
,,Atlantic Salmon,سمكة السالمون الأطلنطية,Saumon atlantique
,,Brown Trout,سمكة السالمون المرقطة البنية,Truite brune
,,Common Carp,سمكة الشبوط الشائعة,Carpe commune
,,Chilean Sea Bass,سمكة القاروس التشيلية,Légine australe
,,Atlantic Cod,سمكة القد الأطلنطية,Morue atlantique
,,Crappie,سمكة الكراب,Crappie
,,Atlantic Bonito,سمكة بونيتو الأطلنطية,Bonite à dos rayé
,,Blue Grenadier,سمكة جرينادير الزرقاء,Grenadier bleu
,,Chub Mackerel,سمكة شب سمكة ماكيريل,Maquereau
,,Atlantic Mackerel,سمكة ماكيريل الأطلنطية,Maquereau commun
,,Blue Mackerel,سمكة مكاريل الزرقاء,Maquereau bleu
,,Atlantic Horse Mackerel,سمكة هورس ماكيريل الأطلنطية,Chinchard
,,Butteroil,سمنة,Huile de beurre
,,Durum Semolina,سميد,Semoule de blé dur
,,Corn Semolina,سميد الذرة,Semoule de maïs
,,Calcium Sorbate,سوربات الكالسيوم,Sorbate de calcium
,,Alum,سولفات الأليمونيوم,Alun
,,Aluminium Sulphate,سولفات الأليمونيوم,Sulfate d'aluminium
,,Aluminium sulphate - Aluminum sulfate,سولفات الأليمونيوم,Sulfate d'aluminium
,,Ammonium Sulfate,سولفات الأمونيوم,Sulfate d'ammonium
,,Ammonium Sulfite,سولفات الأمونيوم,Sulfite d'ammonium
,,Ammonium Sulphate,سولفات الأمونيوم,Sulfate d'ammonium
,,Ammonium sulphate - Ammonium sulfate,سولفات الأمونيوم,Sulfate d'ammonium
,,Ammonium Sulphite,سولفات الأمونيوم,Sulfite d'ammonium
,,Ammonium Persulfate,سولفات الأمونيوم الأولية,Persulfate d'ammonium
,,Aluminium Ammonium Sulphate,سولفات أمونيوم الأليمونيوم,Sulfate d'ammonium d'aluminium
,,Aluminium ammonium sulphate,سولفات أمونيوم الأليمونيوم,Sulfate d'ammonium d'aluminium
,,Aluminium Potassium Sulphate,سولفات بوتاسيوم الألومونيوم,Sulfate de potassium d'aluminium
,,Aluminium potassium sulphate - Aluminum potassium sulfate,سولفات بوتاسيوم الألومونيوم,Sulfate de potassium d'aluminium
,,Aluminium Sodium Sulphate,سولفات صوديوم الألومونيوم,Sulfate de sodium et d'aluminium
,,Aluminium sodium sulphate - Aluminum sodium sulfate,سولفات صوديوم الألومونيوم,Sulfate de sodium et d'aluminium
,,Diethyl Sebacate,سيباكيت دايثيل,Sébacate de diéthyle
,,"Ammonium Citrate, Dibasic",سيترات الأمونيوم,"Citrate d'ammonium, Dibasic"
,,Ammonium Ferric Citrate,سيترات فريك الأمونيوم,Citrate d'ammonium ferrique
,,Citronellal,"سيترونيلال
",Citronellal
,,Cystine,سيستين,Cystine
,,Cyclamates,سيكلاميتس,Cyclamates
,,Ethyl Methyl Cellulose,سيلولوز ميثيل الأثير,Ethyl méthyl cellulose
,,Aluminium Silicate,سيليكا الألومونيوم,Silicate d'aluminium
,,Aluminium silicate - Aluminum silicate - Kaolin,سيليكا الألومونيوم,Silicate d'aluminium
,,Aluminium Calcium Silicate,سيليكا كالسيوم الألومونيوم,Silicate de calcium en aluminium
,,Aluminium calcium silicate - Aluminum calcium silicate,سيليكا كالسيوم الألومونيوم,Silicate de calcium en aluminium
,,Calcium silicate,سيليكات الكالسيوم,Silicate de calcium
,,Calcium Silicate,سيليكات الكالسيوم,Silicate de calcium
,,Chapati,شاباتي,Chapati
,,Champagne,شامبانيا,Champagne
,,English Breakfast Tea,شاي إنجليش بريكفاست,Thé anglais
,,Black Tea,شاي أسود,Thé noir
,,Breakfast Tea,شاي فطور,English breakfast
,,Epazote,شاي مكسيكي,Epazote
,,Bay Tree,شجرة الغار,Laurier
,,Egg Cream,"شراب ""كريم إيج""",Crème d'œufs
,,Corn Syrup,شراب الذرة,Sirop de maïs
,,Corn Syrup Solids,شراب الذرة الجامد,Solides de sirop de maïs
,,Barley malt,شراب الشعير,Malt d'orge
,,Accelerade,شراب بروتين,Accelerade
,,Corn Beer,شراب شعير الذرة,Bière de maïs
,,Brown Ale,شراب شعير بني,Bière brune
,,Bock,شراب شعير بوك,Bock
,,Fructose Corn Syrup,شراب فركتوز الذرة,Sirop de maïs au fructose
,,Bacon,شرائح لحم,Bacon
,,Bacon and Egg Pie,شرائح لحم مع بيض,Tarte au œuf et bacon
,,Barley,شعير,Orge
,,Birch Beer,شعير التامول,Bière de bouleau
,,Barbina,شعيرية,Barbine
,,Beeswax,شمع النحل,Cire d'abeille blanche et jaune
,,"Beeswax, white and yellow",شمع النحل، أبيض وأصفر,Cire d'abeille
,,Candelilla wax,شمع كانديلا,Huile de cananga
,,Candelilla Wax,شمع كانديلا,Cire de candelilla
,,Carnauba wax,شمع كرنوبا,Cire de carnauba
,,Carnauba Wax,شمع كرنوبا,Cire de carnauba
,,Beet,شمندر,Betterave
,,Doogh,شنينة,Dough
,,Andes Chocolate Mints,شوكلاتة أنديس بنكهة النعنع,Menthes au chocolat Andes
,,Choco Leibnitz,شوكو ليبنيتز,Choco Leibnitz
,,Chocolate,شوكولاتة,Chocolat
,,Ciabatta,شياباتا,Pain ciabatta
,,Chinook,شينوك,Chinook
,,Agave,صباريات,Agave
,,Azorubine,صبغة حمراء,Azorubine
,,Azorubine - Carmoisine,صبغة حمراء,Azorubine - Carmoisine
,,Alkanet,صبغة حمراء طبيعية,Alkanet
,,Black 7984,صبغة سوداء,Noir 7984
,,Black PN,صبغة سوداء,Noir brillant BN
,,Allura Red AC,صبغة غذائية129 E,Rouge allura ac
,,Allura Red AC,صبغة غذائية129 E,Rouge allura ac
,,Egg Yolk,صفار البيض,Jaune d'œuf
,,ACA,صفحة المواقع,Agents anti-agglomérants
,,Chutneys,صلصات التشاتني,Chutneys
,,Barbecue Sauce,صلصة الباربيكيو,Sauce barbecue
,,Bechamel Sauce,صلصة البشاميل,Sauce béchamel
,,Bolognese Sauce,صلصة البولونيز,Sauce bolognaise
,,Espagnole Sauce,صلصة أسبانية,Sauce espagnole
,,Brown Sauce,صلصة بنية اللون,Brown sauce
,,Chutney,صلصة تشاتني,Chutney
,,Agrodolce,صلصة حامض حلو إيطالية,Aigre-doux
,,Bread Sauce,صلصة خبز,Sauce au pain
,,Cheddar Sauce,صلصة شيدر,Sauce cheddar
,,Currywurst Sauce,صلصة كوريوورست,Sauce Currywurst
,,Dressing,صلصلة سلطة,Pansement
,,Asafetida,صمغ الحلتيت,Asafetida
,,Asafoetida,صمغ الحلتيت,Asafoetida
,,Carob Gum,صمغ الخروب,Gomme de caroube
,,Cellulose Gum,صمغ السليلوز,Gomme de cellulose
,,Cassia gum,صمغ قرفة صينية,Gomme de cassia
,,Baguette,صمون,Baguette
,,Artificial,صناعي,Artificiel
,,Baking Soda,صودا الخبز / بيكنج صودا,Bicarbonate de soude
,,Cream Soda,صودا الكريمة,Soda à la crème
,,Cream Soda,صودا الكريمة,Soda à la crème
,,Alfalfa Sprouts,ضمة برسيم حجازي,Choux de luzerne
,,Fresh,طازج,Frais
,,Common Snipe,طائر الشنقب الشائع,Snipe commun
,,Chalk,طبشور,Craie
,,All Natural,طبيعي بالكامل,100% naturel
,,Carrageen Moss,طحالب كاراجين,Mousse de carraghénane
,,Family Flour,طحين,Farine de famille
,,Atta Flour,طحين ؟؟؟؟؟؟,Farine atta
,,Cracker Flour,طحين البسكويت,Farine de biscuits
,,Buckwheat flour,طحين الحنطة السوداء,Farine de sarrasin
,,Cake Flour,طحين الكيك,Farine de gâteau
,,Chakki Atta Flour,طحين شاكي أتا,Farine de chakki atta
,,Estragon,طرخون,Estragon
,,Calcium Tartrate,طرطرات الكالسيوم,Tartrate de calcium
,,Calcium tartrate,طرطرات الكالسيوم,Tartrate de calcium
,,Dried Tomatoes,طماطم مجففة,Tomates séchées
,,Coloring Adjuncts (),عامل التلوين (),Compléments de coloration
,,Carbonating Agents (),عامل الكربنة (),Agents de carbonatation
,,1-Octanol,عامل عطري,Octanol-1
,,Acetanisole,عامل عطري,Acétanisole
,,Bleaching Agents (),عامل مبيض,Décolorants
,,Bleaching Agents (),عامل مبيض,Décolorants
,,Antimicrobial Agents (),عامل مضاد للبكتيريا,Agents antimicrobiens
,,Allyl Anthranilate,عامل معطر,Anthranilate d'allyle
,,Allyl Caproate,عامل معطر,Caproate d'allyle
,,Allyl Cinnamate,عامل معطر,Cannelle d'allyle
,,Allyl Hexanoate,عامل معطر,Hexanoate d'allyle
,,Allyl Isothiocyanate,عامل معطر,Isothiocyanate d'allyle
,,Allyl Isovalerate,عامل معطر,Isovalerate d'allyle
,,Allyl Mercaptan,عامل معطر,Mercaptan d'allyle
,,Allyl Nonanoate,عامل معطر,Nonanoate d'allyle
,,Allyl Octanoate,عامل معطر,Octanoate d'allyle
,,Allyl Phenoxyacetate,عامل معطر,Phenoxyacetate d'allyle
,,Allyl Phenylacetate,عامل معطر,Phenylacetate d'allyle
,,Allyl Sorbate,عامل معطر,Sorbate d'allyle
,,"Allyl-2,4-Hexadienoate",عامل معطر,"Allyl-2,4-Hexadienoate"
,,Ajwain,عجوة,Trachyspermum ammi
,,Choux Pastry,عجينة الشو,Pâte à choux
,,Arabic,عربي,Gomme arabique
,,Ammoniated Glycyrrhizin,عرق سوس مجفف,Glycyrrhizine ammoniée
,,Bison Grass,عشب البيسون,Herbe de bison
,,Barley Grass,عشب الشعير,Herbe d'orge
,,Annatto - Bixin - Norbixin,عصارة نبات أناتو للتلوين,Annatto - Bixin - Norbixin
,,Citrus Zests and Juice Powders,عصير الحمضيات و مسحوق العصير,Zestes d'agrumes et poudres de jus
,,Apple Brandy,عصير تفاح,Eau-de-vie à la pomme
,,Coconut Juice,عصير جوز الهند,Jus de noix de coco
,,Fruit and Vegetable Juice,عصير خضار وفواكه,Jus de fruits et de légumes
,,Agave Juice,عصير صبريات,Jus d'agave
,,Agave Syrup,عصير صبريات,Sirop d'agave
,,Ackawi,عكاوي,Ackawi
,,Akkawi,عكاوي,Fromage de Saint Jean d'Acre
,,Acacia Gum,علكة الأقاقيا,Gomme d'acacia
,,Arabic Gum,علكة عربية,Gomme arabique
,,Aged,عمر,Vieilli
,,About,عن,Environ
,,Bilberry,عنبية,Myrtille
,,Chelating Agents,عوامل كيلات,Agents chélateurs
,,Ayran,عيران,Dough
,,Argon,غاز الأرجون,Argon
,,Argon,غاز الأرجون,Argon
,,Corn Gluten,غلوتين الذرة,Gluten de maïs
,,Zinc Gluconate,غلوكونات الزنك,Gluconate de zinc
,,Calcium gluconate,غلوكونات الكالسيوم,Gluconate de Calcium
,,Calcium Gluconate,غلوكونات الكالسيوم,Gluconate de Calcium
,,Copper Gluconate,غلوكونات النحاس,Gluconate de cuivre
,,Adzuki Bean,فاصوليا أدزوكي الحمراء,Haricot azuki
,,Borlotti Bean,فاصوليا بورلوتي,Haricot de canneberge
,,Black Beans,فاصوليا سوداء,Haricots noirs
,,Aduki Bean,فاصوليا صينية,Haricot Aduki
,,Adzuki Bean,فاصوليا صينية,Haricot Adzuki
,,Dragonfruit,فاكهة الباتايا,Fruit du dragon
,,Cherimoya,فاكهة القشطة,Cherimoya
,,Durian,فاكهة تايلاندية,Durian
,,Fruity,فاكهي,Fruité
,,Crumble,فتات,Crumble
,,Apple Crumble,فتات التفاح,Crumble aux pommes
,,Daikon,"فجل أبيض
",Daikon
,,Daikon Oroshi,"فجل أبيض
",Daikon Oroshi
,,Fructooligosaccharide,فراكتوليجوساكاريد (F.O.S),Fructooligosaccharide
,,Fructose,فركتوز,Fructose
,,Crystalline Fructose,فركتوز بلوري,Fructose Cristalline
,,Bay Bolete,فطر باي بوليت,Bolet bai
,,Chanterelle,فطر شانتيريل,Chanterelle
,,Amethyst Deceiver,فطر ملون,Laccaire améthyste
,,Blackberry and Apple Pie,فطيرة التفاح والتوت الأسود,Tarte aux mûres et pommes
,,Blackberry Pie,فطيرة التوت الأسود,Tarte aux mûres
,,Blueberry Pie,فطيرة التوت البري,Tarte aux myrtilles
,,Cheese and Onion Pie,فطيرة الجبنة والبصل,Tarte aux oignons et au fromage
,,Chicken and Mushroom Pie,فطيرة الدجاج بالفطر,Tarte au poulet et aux champignons
,,Shepherd's Pie,فطيرة الراعي,Tarte shepherd's pie
,,Butter Pie,فطيرة الزبدة,Tarte au beurre
,,Chess Pie,فطيرة الشطرنج,Tarte Chess
,,Fruit Pie,فطيرة الفاكهة,Tarte aux fruits
,,Cashew Pie,فطيرة الكاجو,Tarte aux noix de cajou
,,Custard Pie,فطيرة الكاسترد,Tarte à la crème
,,Cherry Pie,فطيرة الكرز,Tarte aux cerises
,,Chestnut Pie,فطيرة الكستناء,Tarte aux châtaignes
,,Cornish Pasty,فطيرة الكورنيش,Cornish Pasty
,,Corned Beef Pie,فطيرة اللحم المفروم,Tarte au bœuf salé
,,Banoffee Pie,فطيرة بانوفي,Banoffee pie
,,Black Bottom Pie,فطيرة بلاك بوتوم,Tarte inférieure noire
,,Boston Cream Pie,فطيرة بوسطن كريم,Gâteau à la crème de Boston
,,Apple Pie,فطيرة تفاح,Tarte aux pommes américaine
,,American Apple Pie,فطيرة تفاح أمريكية,Amchur
,,Cottage Pie,فطيرة جبنة القريش,Tarte Cottage
,,Buko Pie,فطيرة جوز الهند بالكاسترد,Buko pie
,,Cream Pie,فطيرة كريمة,Tarte à La Crème
,,Cuury Pie,فطيرة كيوري,Tarte au cuury
,,Banana Pepper,فلفل الموز,Poivre banane
,,Black Pepper,فلفل أسود,Poivre
,,Chile Pepper,فلفل تشيلي,Poivre du Chili
,,Alligator Pepper,فلفل تمساح,Poivre d'alligator
,,Allspice,فلفل جمايكي,Piment
,,Cayenne Pepper,فلفل حريف,Poivre de Cayenne
,,Cuban Pepper,فلفل كوبي,Poivre cubain
,,Cubanelle Pepper,فلفل كوبي حلو,Poivre cubanelle
,,Dried Fruit,فواكه مجففة,Fruit sec
,,Calcium Formate,فورمات الكالسيوم,Formiate De Calcium
,,Anisyl Formate,فورمات اليانسون,Anisyl Formate
,,Ethyl Formate,فورميت الأثيل,Formiate d'éthyle
,,Ammonium Phosphate,فوسفات الأمونيوم,Persulfate d'ammonium
,,Ammonium Persulphate,فوسفات الأمونيوم,Phosphate d'ammonium
,,Ammonium Phosphate Monobasic,فوسفات الأمونيوم أحادية القاعدة,Phosphate d'ammonium monobasique
,,Ammonium Phosphate Dibasic,فوسفات الأمونيوم ثنائية القاعدة,Phosphate d'ammonium dibasique
,,Bone Phosphate,فوسفات العظام,Phosphate osseux
,,Calcium Phosphate,فوسفات الكالسيوم,Phosphate de calcium
,,Calcium phosphates,فوسفات الكالسيوم,Phosphate de calcium
,,Calcium Fumarate,فومارات الكالسيوم,Fumarate de Calcium
,,Alpha Tocopheryl Acetate,فيتامين E,Acétate Alpha Tocopheryl
,,Alpha-Tocopherol,فيتامين E,Alpaga-tocophérol
,,Alpha-tocopherol,فيتامين E,Alpaga-tocophérol
,,Delta-tocopherol,فيتامين ه,Delta-tocophérol
,,Delta-tocopherol,فيتامين ه,Delta-tocophérol
,,Calcium ferrocyanide,فيرو سيانيد الكالسيوم,Ferrocyanure de calcium
,,Calcium Ferrocyanide,فيروسيانيد الكالسيوم,Ferrocyanure de calcium
,,100 Big Bar,قالب كبير,Grand bar 100
,,Caper,قبار,Câpre
,,Shark,قرش,Requin
,,Butternut Squash,قرع,Courge butternut
,,Cinnamon,قرفة,Cannelle
,,Cassia,قرفة صينية,Cassia
,,Cochineal,قرمزي,Cochenille
,,Cochineal - Carminic acid - Carmines,قرمزي - حمض الكارمينيك - كارمينيس,Cochenille - Acide carminique - Carmines
,,Cauliflower,قرنبيط,Choufleur
,,Broccoflower,قرنبيط أخضر,Chou-fleur vert
,,Carob Pod,قرنة الخروب,Gousse de caroube
,,Custard Cream,قشدة كاسترد,Crème pâtissière
,,Bonito Flakes,قشر سمك البونيتو,Katsuobushi
,,Cacao Shell,قشرة الكاكاو,Coquille de cacao
,,American Cream,قشطة أمريكية,Crème américaine
,,Cane Sugar,قصب سكر,Sucre de canne
,,Domestic Cat,قطة محلية,Chat domestique
,,Catnip,قطرم,Cataire
,,Aero Mint,قطع الأيرو,Menthe aéro
,,Cacao nibs,قطع الكاكاو,Noix de cacao
,,Apple Mint,قطع تفاح صغيرة,Menthe odorante
,,Coconut meat,قطع جوز الهند,Viande de noix de coco
,,Bread Roll,قطعة خبز,Petit pain
,,Beef Stock Cube,قطعة لحم غير مبهرة,Cube de bouillon de bœuf
,,Amaranth,قطيفة,Amarante
,,ADDA,قعدة,ADDA
,,Eddo,قلقاس,Eddo
,,Eddoe,قلقاس,Eddoe
,,Durum Flour,قمح صلب,Farine de blé dur
,,Durum Wheat,قمح صلب,Blé dur
,,Coarse-Ground Wheat,قمح مطحون,Blé de terre grossière
,,Cracked Wheat,قمح مطحون,Blé concassé
,,Crushed Wheat,قمح مطحون,Blé concassé
,,Coffee,قهوة,Café
,,Daily Value,قيمة يومية,Valeur quotidienne
,,Capellini,كابليني,Capellini
,,Capybara,كابيبارا,Capybara
,,Capelli da Chef,كابيلي دا شيف,Capelli da Chef
,,Capelli d'angelo,كابيلي دي أنجيلو,Capelli d'angelo
,,Capelin Roe,كابيلين رو,Œufs de capelan
,,Cadbury Dairy Milk,كادبوري,Lait laitier de Cadbury
,,Cadbury Whole Nut,كادبوري بالجوز,Noix de Cadbury
,,Cadbury Fruit & Nut,كادبوري بالفاكهة والجوز,Fruits et noix de Cadbury
,,Cadbury Fruit and Nut,كادبوري بالفاكهة والجوز,Fruits et noix de Cadbury
,,Carabao,كاراباو,Carabao
,,Carabao,كاراباو,Carabao
,,Carabao,كاراباو,Carabao
,,Carne-de-sol,كارني دي سول,Carne-de-sol
,,Carotene,كاروتين,Carotène
,,"Carotene, Alpha",كاروتين ، ألفا,"Carotène, alpha"
,,"Carotene, Beta",كاروتين ، بيتا,"Carotène, bêta"
,,"Carotene, Gamma",كاروتين ، جاما,"Carotène, gamma"
,,Curry,كاري,Curry
,,Calcium Caseinate,كازينات الكالسيوم,Caséinate de calcium
,,Custard,كاسترد,Crème
,,Frozen Custard,كاسترد مثلج,Crème pâtissière congelée
,,Castellane,كاستيلان,Castellane
,,Ammonium Caseinate,كاسينات الأمونيوم,Caséinate d'ammonium
,,Cavatelli,كافاتيلي,Cavatelli
,,Caviar,كافيار,Caviar
,,Caffeine,كافيين,Caféine
,,Cocoa,كاكاو,Cacao
,,Cacao,كاكلو,Cacao
,,Calcium,كالسيوم,Calcium
,,Calcium Guanylate,كالسيوم جوانييلات,Guanylate de calcium
,,Calcium guanylate,كالسيوم جوانييلات,Guanylate de calcium
,,Calcium Glycerophosphate,كالسيوم فوسفات الجلسرين,Glycérophosphate de calcium
,,Full Cream,كامل الدسم,Crème entière
,,Cannelloni,كانيلوني,Cannellonis
,,Cup Noodle,كأس النودلز,Bol de nouilles
,,Cup Noodles,كأس النودلز,Bol de nouilles
,,Cubeb Berry,كبابة,Cubeb Berry
,,Zinc Sulfate,كبريتات الزنك,Sulfate de zinc
,,Zinc Sulphate,كبريتات الزنك,Sulfate de zinc
,,Calcium Sulfate,كبريتات الكالسيوم,Sulfate de calcium
,,Calcium Sulfite,كبريتات الكالسيوم,Sulfite de calcium
,,Calcium Sulphate,كبريتات الكالسيوم,Sulfate de calcium
,,Calcium Sulphite,كبريتات الكالسيوم,Sulfite de calcium
,,Calcium sulphate - Calcium sulfate,كبريتات الكالسيوم - سلفات الكالسيوم,Sulfate de calcium
,,Cupric Sulfate,كبريتات الكبريت,Sulfate cuivrique
,,Cupric Sulphate,كبريتات الكبريت,Sulfate de cuivre
,,Copper Sulfate,كبريتات النحاس,Sulfate de cuivre
,,Copper Sulphate,كبريتات النحاس,Sulfate de cuivre
,,Calcium Hydrogen Sulphite,كبريتات هيدروجين الكالسيوم,Calcium Hydrogen Sulphite
,,Calcium sulphite - Calcium sulfite,كبريتيت الكالسيوم - كبريتيت الكالسيوم,Sulfite de calcium
,,Calcium Hydrogen Sulfite,كبريتيت هيدروجين الكالسيوم,Calcium Hydrogen Sulfite
,,Calcium hydrogen sulphite - Calcium hydrogen sulfite,كبريتيت هيدروجين الكالسيوم - كبريتيت هيدروجين الكالسيوم,Calcium Hydrogen Sulphite
,,Alcohol,كحول,Alcool
,,Armagnac,كحول الأرماجناك,Armagnac
,,Applejack,كحول التفاح,Cidre fort
,,Ammonia caramel,كراميل الأمونيا,Caramel à l'ammoniac
,,Caustic sulfite caramel - Caustic sulphite caramel,كراميل كبريتيت الكاوية - كراميل كبريتيت الكاوية,Caramel au sulfite caustique
,,Caraway,كراوية,Carvi
,,Carboxy methyl cellulose - Cellulose gum - CMC,كربوكسي ميثيل السليلوز - سليلوز الصمغ - CMC,Carboxyméthylcellulose - Gomme de cellulose - CMC
,,Carbonate,كربونات,Carbonate
,,Ammonium Carbonate,كربونات الأمونيوم,Bicarbonate d'ammonium
,,Ammonium carbonates,كربونات الأمونيوم,Bicarbonates d'ammonium
,,Zinc Carbonate,كربونات الزنك,Carbonate de zinc
,,Calcium Carbonate,كربونات الكالسيوم,Carbonate de calcium
,,Calcium carbonate,كربونات الكالسيوم,Carbonate de calcium
,,Cherry,كرز,Cerise
,,Amarena Cherries,كرز المارشينو,Huile d'amarante
,,Celeriac,كرفس,Céleri-rave
,,Celery,كرفس,Céleri
,,American Lobster,كركند أمريكي,Homard américain
,,Croissant,كرواسون,Croissant
,,Ethyl Crotonate,كروتونات الأثيل,Crotonate d'éthyle
,,Crocetin,كروسيتين,Crocetin
,,Crocin,كروسين,Crocin
,,Cryptoxanthin,كريبتوزانتين,Cryptoxanthine
,,Cocoa Krispies,كريسبيز الكاكاو,Krispies au cacao
,,Creste di Galli,كريست دي جالي,Creste di Galli
,,Cream of Tartar,كريم الترتار,Crème tartare
,,Crème de Noyaux,كريم دي نويو,Crème de Noyaux
,,Cream,كريمة,Crème
,,Chantilly Cream,كريمة شانتيلي,Crème Chantilly
,,Clotted Cream,كريمة مكثفة,Crème Cloturée
,,Cilantro,كزبرة,Coriandre
,,Coriander,كزبرة,Coriandre
,,Bolivian Coriander,كزبرة بوليفية,Coriandre de Bolivie
,,Chortan,كشك,Chortan
,,Currant,كشمش,Groseille
,,Blackcurrant,كشمش أسود,Cassis
,,Cheese Bun,كعكة الجبن,Pain au fromage
,,Butter Cake,كعكة الزبدة,Gâteau au beurre
,,Chiffon Cake,كعكة الشيفون,Gâteau Mousseline
,,Caraway Seed Cake,كعكة بذور الكراوية,Gâteau aux graines de carvi
,,Crumpet,كعكة مسطحة غير محلاة,Crumpet
,,Cup Cake,كعكة مكوكبة,Cup Cake
,,Dog,كلب,Chien
,,Clementine,كلمنتين,Clémentine
,,Chloropentafluoroethane,كلورو خماسي فلورو الإيثان,Chloropentafluoroéthane
,,Chlorophyllins,كلوروفيلين,Chlorophyllines
,,Chloride,كلوريد,Chlorure
,,Ammonium Chloride,كلوريد الأمونيوم,Chlorure d'ammonium
,,Zinc Chloride,كلوريد الزنك,Chlorure de zinc
,,Calcium chloride,كلوريد الكالسيوم,Chlorure de calcium
,,Calcium Chloride,كلوريد الكالسيوم,Chlorure de calcium
,,Cumin,كمون,Cumin
,,Black Cumin,كمون أسود,Cumin noir
,,Anhydrous Milkfat,كمية الدهن في الحليب,Matière grasse laitière anhydre
,,Amount per Serving,كمية محضرة,Quantité par portion
,,Cup,كوب,Tasse
,,Cobalamin,كوبالامين,Cobalamine
,,Courgette,كوسا,Courgette
,,Zucchini,كوسة,Courgette
,,Coffee Crisp,كوفي كرسب,Café Crisp
,,Coke,كولا,Coca
,,Coke,كولا,Coca
,,Cholesterol,كولسترول,Cholestérol
,,Cholecalciferol,كوليكالسيفيرول,Cholécalciférol
,,Cumian,كوميان,Cumian
,,Cognac,كونياك,Cognac
,,Cake,كيك,Gâteau
,,Blackberry Cake,كيك التوت الأسود,Gâteau aux mûres
,,Carrot Cake,كيك الجزر,Gâteau à la carotte
,,Eccles Cake,كيك إيكلس,Eccles Cake
,,Battenberg Cake,كيك باتنبيرغ,Gâteau de Battenberg
,,Brem Cake,كيك بريم,Brem cake
,,Black Forest Gateau,كيك بلاك فوريست,Gâteau Forêt-Noire
,,Coconut Cake,كيك جوز الهند,Gâteau à la noix de coco
,,Chorley Cake,كيك كورلي,Gâteau Chorley
,,Angel Cake,كيكة اسفنجية,Gâteau des anges
,,Angel Food Cake,كيكة اسفنجية,Gâteau des anges
,,Dundee Cake,كيكة اللوز,Gâteau Dundee
,,Apple Cake,كيكة تفاح,Gâteau aux pommes
,,Calcium lactate,لاكتات الكالسيوم,Lactate de calcium
,,Calcium Lactate,لاكتات الكالسيوم,Lactate de calcium
,,Calcium Lactobionate,لاكتوبيونات الكالسيوم,Lactobionate de calcium
,,Ethyl Lactate,لاكتيت الأثيل,Lactate d'éthyle
,,Artichoke,لأرضي شوكي,Artichaut
,,Acacia gum - gum arabic,لبان عربي,Gomme d'acacia - gomme arabique
,,Clabber,لبن خاثر,Lait aigre
,,Chaas,لبن عيران,Chaas
,,Dahi,لبن هندي,Dahi
,,Dahi,لبن هندي,Dahi
,,Bresaola,لجم مجفف,Bresaola
,,Bresi,لجم مجفف,Brési
,,Beef,لحم,Bœuf
,,Bison Meat,لحم البيسون,Viande de bison
,,Buffalo Meat,لحم الجاموس,Viande de bison
,,Country Ham,لحم الخنزير,Jambon de pays
,,Bak Kwa,لحم باكوا الصيني المقدد,Bakkwa
,,Bakkwa,لحم باكوا الصيني المقدد,Bakkwa
,,Beef stock,لحم بدون بهارات,Bouillon de bœuf
,,Ch'arki,لحم تشاركي المجفف,Ch'arki
,,Chicken meat,لحم دجاج,Viande de poulet
,,Bavette,لحم ستيك بافيت,Bavette
,,Cecina,لحم سيسينا المجفف,Cecina
,,Cold Smoked Bacon,لحم مقدد مدخن,Bacon fumé à froid
,,Added to prevent caking,لمنع التعجين,Ajouté pour empêcher la prise en masse
,,Black-eyed Peas,لوبيا,Cornille
,,Almond,لوز,Amande
,,"Almonds, Ground",لوز خشن,Amandes moulues
,,"Almonds, Ground Natural",لوز طبيعي غير مكرر,Amandes moulues naturelles
,,Chocolate Brown HT,لون الشوكولا البني HT,HT chocolat brun
,,Brilliant Blue,لون أزرق لامع,Bleu brillant
,,BrillIant Blue FCF,لون أزرق لامع FCF,Bleu brillant FCF
,,Brilliant Blue FCF,لون أزرق لامع FCF,Bleu brillant FCF
,,Brilliant Black BN,لون أسود لامع BN,Noir brillant BN
,,Brilliant Black BN - Black PN,لون أسود لامع BN - أسود PN,Noir brillant BN - Noir PN
,,Brilliant Black PN,لون أسود لامع PN,Noir brillant PN
,,Brilliant Black A,لون أسود لامع أ,Noir brillant A
,,Brown FK,لون بني FK,Brun FK
,,Brown HT,لون بني HT,Brun HT
,,Brilliant Scarlet 4R,لون قرمزي لامع 4R,Ponceau 4R
,,Chocolate Liqueur,ليكيور ​​الشوكولاته,Liqueur de chocolat
,,Chocolate Liquor,ليكيور ​​الشوكولاته,Liqueur de chocolat
,,Cocoa Liquor,ليكيور الكاكاو,Liqueur de cacao
,,Bitter Lemon,ليمون مر,Citron amer
,,Buddha's Hand,ليمون يد بوذا,Main de Bouddha
,,Chicken stock,ماء الدجاج,Bouillon de poulet
,,Algin,مادة طبية مستخلصة من الطحالب,Alginate
,,Alginate,مادة طبية مستخلصة من الطحالب,Alginate
,,Cattle,ماشية,Bétail
,,Domestic Goat,ماعز محلي,Chèvre domestique
,,Calcium Malate,مالات الكالسيوم,Malate de calcium
,,Ethyl Maltol,مالتول الأثيل,Ethyl Maltol
,,Anticaking Agent (),مانع للتعجين,Anti-agglomérant
,,Anticaking Agents (),مانع للتعجين,Agents anti-agglomérants
,,Anticaking Agents (),مانع للتعجين,Anti-agglomérants
,,Antifoaming Agents (),مانع للرغوة,Agents anti-mousse
,,Azodicarbonamide,مبيض الدقيق,Azodicarbonamide
,,Creamer,مبيض القهوة,Crémier
,,Frozen,مثلج,Congelé
,,Curly Wurly,مجعد وملفوف,Curly Wurly
,,Dehydrated,مجفف,Déshydraté
,,Dehydrated,مجفف,Déshydraté
,,Dried,مجفف,Séché
,,Air-dried,مجففة بالهواء,Séché à l'air
,,Bay Scallop,محار,Pétoncle de baie
,,Clam,محار,Palourde
,,Cockle,محار,Coque
,,Conch,محار,Conque
,,European Oyster,محار أوروبي,Huître européenne
,,Eastern Oyster,محار شرقي,Huître orientale
,,Dough Conditioner,محسن عجين,Conditionneur de pâte
,,Advantame,محلي غير قلوي,Advantame
,,Artificial Sweeteners (),محليات صناعية,Édulcorants artificiels
,,Acidulants (),محمضات,Acidulants
,,Acidulants and Acids (),محمضات وأحماض,Acidulants et acides
,,Cultured,مخمرة,Cultivé
,,Dehydrated chicken broth,مرق الدجاج المجفف,Bouillon de poulet déshydraté
,,Copper complexes of Chlorophyll and Chlorophyllins,مركبات النحاس من الكلوروفيل والكلوروفيلين,Complexes de cuivre de chlorophylles et de chlorophyllines
,,Coconut Water Concentrate,مركز مياه جوز الهند,Concentré d'eau de coco
,,Blend,مزج,Mélange
,,Acacia Vera,مستحضر الأقاقيا,Gomme arabique
,,Acesulfame,مستحضر بوتاسيوم,Acésulfame
,,Acesulfame K,مستحضر بوتاسيوم K,Acésulfame K
,,Acesulfame-K,مستحضر بوتاسيوم K,Acésulfame-K
,,Amylcinnamaldehyde,مستحضر غسيل اليدين,Amylcinnamaldéhyde
,,Anise Aldehyde,مستخرج اليانسون,Anis aldéhyde
,,Extract,مستخلص,Extrait
,,Cranberry Extract,مستخلص التوت البري,Extrait de canneberge
,,Berry and Fruit Extracts,مستخلص التوت والفاكهة,Extraits de baies et de fruits
,,Cactus Root Extract,مستخلص الجذر الصبار,Extrait de racine de cactus
,,Basil Extract,مستخلص الريحان,Extrait de basilique
,,Extract of Malted Barley and Corn,مستخلص الشعير المملح والذرة,Extrait d'orge malté et de maïs
,,Beet Extract,مستخلص الشمندر,Extrait de betterave
,,Agave Nectar,مستخلص الصباريات,Nectar d'agave
,,Chondrus Extract,مستخلص الطحالب الإيرلندية,Extrait de chondrus
,,Catechu Extract,مستخلص الكاتشو,Extrait de catechu
,,Almond Extract,مستخلص اللوز,Extrait d'amande
,,Extracts of rosemary,مستخلص إكليل الجبل,Extraits de romarin
,,Chicory Root Extract,مستخلص جذر الهندباء,Extrait de racine de chicorée
,,Baker’s Yeast Extract,مستخلص خميرة الخَبز,Extrait de levure de boulanger
,,Corn Silk Extract,مستخلص خيوط حرير الذرة,Extrait de soie de maïs
,,Barley Malt Extract,مستخلص شراب الشعير,Extrait de malt d'orge
,,Annatto Extract,مستخلص نبات الأناتو,Extrait d'annatto
,,Yuca Extract,مستخلص نبات اليوكا,Extrait de Yuca
,,Extracts,مستخلصات,Extraits
,,Cheese Powder,مسحوق الجبن,Poudre de fromage
,,Chili Powder,مسحوق الشطة,Poudre de chili
,,Beetroot Powder,مسحوق الشمندر,Poudre de racine de betterave
,,Coarse Ground,مسحوق القهوة,Terre grossière
,,Curry Powder,مسحوق الكاري,Poudre de curry
,,Cocoa Powder,مسحوق الكاكاو,Poudre de cacao
,,Coconut Milk Powder,مسحوق حليب جوز الهند,Lait de coco en poudre
,,Carob Pod Powder,مسحوق قرنة الخروب,Poudre de gousse de caroube
,,Bird's Custard Powder,"مسحوق كاسترد ""بيرد""",Poudre Bird's custard
,,Boiled,مسلوق / مغلي,Bouilli
,,Agar,مسمكات,Gélose
,,Agar-Agar,مسمكات,Gélose
,,Awamori,مشروب الأواموري الياباني,Awamori
,,Bourbon,مشروب البوربون,Bourbon
,,Betsa-betsa,مشروب البيتسا بيتسا,Betsa-Betsa
,,Chicha,مشروب التشيتشا,Chicha
,,Cider,مشروب التفاح,Cidre
,,"Cider, Apple",مشروب التفاح، تفاح,"Cidre, Pomme"
,,"Cider, Sweet",مشروب التفاح، حلو,Cidre doux
,,"Cider, Hard",مشروب التفاح، لاذع,Cidre dur
,,Drinking Chocolate,مشروب الشوكولاتة,Chocolat à boire
,,5-Hour Energy,مشروب الطاقة 5 أور إنيرجي,5-Hour Energy
,,Arak,مشروب العرق,Arak
,,Arrack,مشروب العرق,Arak
,,Eau-de-Vie,مشروب أو دي في,Eau de Vie
,,Baijiu,مشروب بايجو الصيني,Baijiu
,,Brandy,مشروب براندي,Brandy
,,Blaand,مشروب بلاند,Blaand
,,Burukutu,مشروب بوروكوتو,Burukutu
,,Chambord,مشروب تشامبورد,Chambord
,,Damassine,مشروب داماسين,Damassine
,,Desi Daru,مشروب ديسي دارو,Desi Daru
,,Cassava Beer,مشروب شعير الكسافا,Bière de manioc
,,Black Beer,مشروب شعير أسود,Bière noire
,,Choujiu,مشروب شوجيو الصيني,Choujiu
,,Advocaat,مشروب كحولي,Advocaat
,,Akvavit,مشروب كحولي,Aquavit
,,Ansu Apricot,مشمش,Abricot ansu
,,Apricot,مشمش,Abricot
,,Dried Plum,مشمش مجفف,Prune séchée
,,Allergen,مضاد جيني,Allergène
,,Antioxidants (),مضادات أكسدة,Antioxidants
,,Antioxidants (),مضادات أكسدة,Antioxidants
,,E Number,مضاف غذائي E,Numéros E
,,E100,مضاف غذائي E100,E100
,,E1000 - E1599,مضاف غذائي E1000 - E1599,E1000 - E1599
,,E101i,مضاف غذائي E101i,E101i
,,E101ii,مضاف غذائي E101ii,E101ii
,,E102,مضاف غذائي E102,E102
,,E104,مضاف غذائي E104,E104
,,E110,مضاف غذائي E110,E110
,,E1103,مضاف غذائي E1103,E1103
,,E1105,مضاف غذائي E1105,E1105
,,E120,مضاف غذائي E120,E120
,,E1200,مضاف غذائي E1200,E1200
,,E1201,مضاف غذائي E1201,E1201
,,E1202,مضاف غذائي E1202,E1202
,,E1203,مضاف غذائي E1203,E1203
,,E1204,مضاف غذائي E1204,E1204
,,E1205,مضاف غذائي E1205,E1205
,,E1206,مضاف غذائي E1206,E1206
,,E1207,مضاف غذائي E1207,E1207
,,E1208,مضاف غذائي E1208,E1208
,,E1209,مضاف غذائي E1209,E1209
,,E122,مضاف غذائي E122,E122
,,E123,مضاف غذائي E123,E123
,,E124,مضاف غذائي E124,E124
,,E127,مضاف غذائي E127,E127
,,E129,مضاف غذائي E129,E129
,,E131,مضاف غذائي E131,E131
,,E132,مضاف غذائي E132,E132
,,E133,مضاف غذائي E133,E133
,,E140,مضاف غذائي E140,E140
,,E1404,مضاف غذائي E1404,E1404
,,E141,مضاف غذائي E141,E141
,,E1410,مضاف غذائي E1410,E1410
,,E1412,مضاف غذائي E1412,E1412
,,E1413,مضاف غذائي E1413,E1413
,,E1414,مضاف غذائي E1414,E1414
,,E142,مضاف غذائي E142,E142
,,E1420,مضاف غذائي E1420,E1420
,,E1422,مضاف غذائي E1422,E1422
,,E1440,مضاف غذائي E1440,E1440
,,E1442,مضاف غذائي E1442,E1442
,,E1450,مضاف غذائي E1450,E1450
,,E1451,مضاف غذائي E1451,E1451
,,E1452,مضاف غذائي E1452,E1452
,,E1505,مضاف غذائي E1505,E1505
,,E150a,مضاف غذائي E150a,E150a
,,E150b,مضاف غذائي E150b,E150b
,,E150c,مضاف غذائي E150c,E150c
,,E150d,مضاف غذائي E150d,E150d
,,E151,مضاف غذائي E151,E151
,,E1517,مضاف غذائي E1517,E1517
,,E1518,مضاف غذائي E1518,E1518
,,E1519,مضاف غذائي E1519,E1519
,,E1520,مضاف غذائي E1520,E1520
,,E1521,مضاف غذائي E1521,E1521
,,E153,مضاف غذائي E153,E153
,,E155,مضاف غذائي E155,E155
,,E160a,مضاف غذائي E160a,E160a
,,E160b,مضاف غذائي E160b,E160b
,,E160c,مضاف غذائي E160c,E160c
,,E160d,مضاف غذائي E160d,E160d
,,E160e,مضاف غذائي E160e,E160e
,,E161b,مضاف غذائي E161b,E161b
,,E161g,مضاف غذائي E161g,E161g
,,E162,مضاف غذائي E162,E162
,,E163,مضاف غذائي E163,E163
,,E170,مضاف غذائي E170,E170
,,E171,مضاف غذائي E171,E171
,,E172,مضاف غذائي E172,E172
,,E173,مضاف غذائي E173,E173
,,E174,مضاف غذائي E174,E174
,,E175,مضاف غذائي E175,E175
,,E180,مضاف غذائي E180,E180
,,E200,مضاف غذائي E200,E200
,,E202,مضاف غذائي E202,E202
,,E210,مضاف غذائي E210,E210
,,E211,مضاف غذائي E211,E211
,,E212,مضاف غذائي E212,E212
,,E213,مضاف غذائي E213,E213
,,E214,مضاف غذائي E214,E214
,,E215,مضاف غذائي E215,E215
,,E218,مضاف غذائي E218,E218
,,E219,مضاف غذائي E219,E219
,,E220,مضاف غذائي E220,E220
,,E221,مضاف غذائي E221,E221
,,E222,مضاف غذائي E222,E222
,,E223,مضاف غذائي E223,E223
,,E224,مضاف غذائي E224,E224
,,E226,مضاف غذائي E226,E226
,,E227,مضاف غذائي E227,E227
,,E228,مضاف غذائي E228,E228
,,E234,مضاف غذائي E234,E234
,,E235,مضاف غذائي E235,E235
,,E239,مضاف غذائي E239,E239
,,E242,مضاف غذائي E242,E242
,,E243,مضاف غذائي E243,E243
,,E249,مضاف غذائي E249,E249
,,E250,مضاف غذائي E250,E250
,,E251,مضاف غذائي E251,E251
,,E252,مضاف غذائي E252,E252
,,E260,مضاف غذائي E260,E260
,,E261,مضاف غذائي E261,E261
,,E262,مضاف غذائي E262,E262
,,E263,مضاف غذائي E263,E263
,,E270,مضاف غذائي E270,E270
,,E280,مضاف غذائي E280,E280
,,E281,مضاف غذائي E281,E281
,,E282,مضاف غذائي E282,E282
,,E283,مضاف غذائي E283,E283
,,E284,مضاف غذائي E284,E284
,,E285,مضاف غذائي E285,E285
,,E290,مضاف غذائي E290,E290
,,E296,مضاف غذائي E296,E296
,,E297,مضاف غذائي E297,E297
,,E300,مضاف غذائي E300,E300
,,E301,مضاف غذائي E301,E301
,,E302,مضاف غذائي E302,E302
,,E304,مضاف غذائي E304,E304
,,E306,مضاف غذائي E306,E306
,,E307,مضاف غذائي E307,E307
,,E308,مضاف غذائي E308,E308
,,E309,مضاف غذائي E309,E309
,,E310,مضاف غذائي E310,E310
,,E315,مضاف غذائي E315,E315
,,E316,مضاف غذائي E316,E316
,,E319,مضاف غذائي E319,E319
,,E320,مضاف غذائي E320,E320
,,E321,مضاف غذائي E321,E321
,,E322,مضاف غذائي E322,E322
,,E325,مضاف غذائي E325,E325
,,E326,مضاف غذائي E326,E326
,,E327,مضاف غذائي E327,E327
,,E330,مضاف غذائي E330,E330
,,E331,مضاف غذائي E331,E331
,,E332,مضاف غذائي E332,E332
,,E333,مضاف غذائي E333,E333
,,E334,مضاف غذائي E334,E334
,,E335,مضاف غذائي E335,E335
,,E336,مضاف غذائي E336,E336
,,E337,مضاف غذائي E337,E337
,,E338,مضاف غذائي E338,E338
,,E339,مضاف غذائي E339,E339
,,E340,مضاف غذائي E340,E340
,,E341,مضاف غذائي E341,E341
,,E343,مضاف غذائي E343,E343
,,E350,مضاف غذائي E350,E350
,,E351,مضاف غذائي E351,E351
,,E352,مضاف غذائي E352,E352
,,E353,مضاف غذائي E353,E353
,,E354,مضاف غذائي E354,E354
,,E355,مضاف غذائي E355,E355
,,E356,مضاف غذائي E356,E356
,,E357,مضاف غذائي E357,E357
,,E363,مضاف غذائي E363,E363
,,E380,مضاف غذائي E380,E380
,,E385,مضاف غذائي E385,E385
,,E392,مضاف غذائي E392,E392
,,E400,مضاف غذائي E400,E400
,,E401,مضاف غذائي E401,E401
,,E402,مضاف غذائي E402,E402
,,E403,مضاف غذائي E403,E403
,,E404,مضاف غذائي E404,E404
,,E405,مضاف غذائي E405,E405
,,E406,مضاف غذائي E406,E406
,,E407,مضاف غذائي E407,E407
,,E407a,مضاف غذائي E407a,E407a
,,E410,مضاف غذائي E410,E410
,,E412,مضاف غذائي E412,E412
,,E413,مضاف غذائي E413,E413
,,E414,مضاف غذائي E414,E414
,,E415,مضاف غذائي E415,E415
,,E416,مضاف غذائي E416,E416
,,E417,مضاف غذائي E417,E417
,,E418,مضاف غذائي E418,E418
,,E420i,مضاف غذائي E420i,E420i
,,E420ii,مضاف غذائي E420ii,E420ii
,,E421,مضاف غذائي E421,E421
,,E422,مضاف غذائي E422,E422
,,E423,مضاف غذائي E423,E423
,,E425,مضاف غذائي E425,E425
,,E426,مضاف غذائي E426,E426
,,E427,مضاف غذائي E427,E427
,,E431,مضاف غذائي E431,E431
,,E432,مضاف غذائي E432,E432
,,E433,مضاف غذائي E433,E433
,,E434,مضاف غذائي E434,E434
,,E435,مضاف غذائي E435,E435
,,E436,مضاف غذائي E436,E436
,,E440,مضاف غذائي E440,E440
,,E442,مضاف غذائي E442,E442
,,E444,مضاف غذائي E444,E444
,,E445,مضاف غذائي E445,E445
,,E450,مضاف غذائي E450,E450
,,E451,مضاف غذائي E451,E451
,,E452,مضاف غذائي E452,E452
,,E459,مضاف غذائي E459,E459
,,E460,مضاف غذائي E460,E460
,,E461,مضاف غذائي E461,E461
,,E462,مضاف غذائي E462,E462
,,E463,مضاف غذائي E463,E463
,,E464,مضاف غذائي E464,E464
,,E465,مضاف غذائي E465,E465
,,E466,مضاف غذائي E466,E466
,,E468,مضاف غذائي E468,E468
,,E469,مضاف غذائي E469,E469
,,E470a,مضاف غذائي E470a,E470a
,,E470b,مضاف غذائي E470b,E470b
,,E471,مضاف غذائي E471,E471
,,E472a,مضاف غذائي E472a,E472a
,,E472b,مضاف غذائي E472b,E472b
,,E472c,مضاف غذائي E472c,E472c
,,E472d,مضاف غذائي E472d,E472d
,,E472e,مضاف غذائي E472e,E472e
,,E472f,مضاف غذائي E472f,E472f
,,E473,مضاف غذائي E473,E473
,,E474,مضاف غذائي E474,E474
,,E475,مضاف غذائي E475,E475
,,E476,مضاف غذائي E476,E476
,,E477,مضاف غذائي E477,E477
,,E479b,مضاف غذائي E479b,E479b
,,E481,مضاف غذائي E481,E481
,,E482,مضاف غذائي E482,E482
,,E483,مضاف غذائي E483,E483
,,E491,مضاف غذائي E491,E491
,,E492,مضاف غذائي E492,E492
,,E493,مضاف غذائي E493,E493
,,E494,مضاف غذائي E494,E494
,,E495,مضاف غذائي E495,E495
,,E499,مضاف غذائي E499,E499
,,E500,مضاف غذائي E500,E500
,,E501,مضاف غذائي E501,E501
,,E503,مضاف غذائي E503,E503
,,E504,مضاف غذائي E504,E504
,,E507,مضاف غذائي E507,E507
,,E508,مضاف غذائي E508,E508
,,E509,مضاف غذائي E509,E509
,,E511,مضاف غذائي E511,E511
,,E512,مضاف غذائي E512,E512
,,E513,مضاف غذائي E513,E513
,,E514,مضاف غذائي E514,E514
,,E515,مضاف غذائي E515,E515
,,E516,مضاف غذائي E516,E516
,,E517,مضاف غذائي E517,E517
,,E520,مضاف غذائي E520,E520
,,E521,مضاف غذائي E521,E521
,,E522,مضاف غذائي E522,E522
,,E523,مضاف غذائي E523,E523
,,E524,مضاف غذائي E524,E524
,,E525,مضاف غذائي E525,E525
,,E526,مضاف غذائي E526,E526
,,E527,مضاف غذائي E527,E527
,,E528,مضاف غذائي E528,E528
,,E529,مضاف غذائي E529,E529
,,E530,مضاف غذائي E530,E530
,,E535,مضاف غذائي E535,E535
,,E536,مضاف غذائي E536,E536
,,E538,مضاف غذائي E538,E538
,,E541,مضاف غذائي E541,E541
,,E551,مضاف غذائي E551,E551
,,E552,مضاف غذائي E552,E552
,,E553ai,مضاف غذائي E553ai,E553ai
,,E553aii,مضاف غذائي E553aii,E553aii
,,E553b,مضاف غذائي E553b,E553b
,,E554,مضاف غذائي E554,E554
,,E555,مضاف غذائي E555,E555
,,E556,مضاف غذائي E556,E556
,,E559,مضاف غذائي E559,E559
,,E570,مضاف غذائي E570,E570
,,E574,مضاف غذائي E574,E574
,,E575,مضاف غذائي E575,E575
,,E576,مضاف غذائي E576,E576
,,E577,مضاف غذائي E577,E577
,,E578,مضاف غذائي E578,E578
,,E579,مضاف غذائي E579,E579
,,E585,مضاف غذائي E585,E585
,,E586,مضاف غذائي E586,E586
,,E620,مضاف غذائي E620,E620
,,E621,مضاف غذائي E621,E621
,,E622,مضاف غذائي E622,E622
,,E623,مضاف غذائي E623,E623
,,E624,مضاف غذائي E624,E624
,,E625,مضاف غذائي E625,E625
,,E626,مضاف غذائي E626,E626
,,E627,مضاف غذائي E627,E627
,,E628,مضاف غذائي E628,E628
,,E629,مضاف غذائي E629,E629
,,E630,مضاف غذائي E630,E630
,,E631,مضاف غذائي E631,E631
,,E632,مضاف غذائي E632,E632
,,E633,مضاف غذائي E633,E633
,,E634,مضاف غذائي E634,E634
,,E635,مضاف غذائي E635,E635
,,E640,مضاف غذائي E640,E640
,,E641,مضاف غذائي E641,E641
,,E650,مضاف غذائي E650,E650
,,E900,مضاف غذائي E900,E900
,,E901,مضاف غذائي E901,E901
,,E902,مضاف غذائي E902,E902
,,E903,مضاف غذائي E903,E903
,,E904,مضاف غذائي E904,E904
,,E905,مضاف غذائي E905,E905
,,E907,مضاف غذائي E907,E907
,,E914,مضاف غذائي E914,E914
,,E920,مضاف غذائي E920,E920
,,E927b,مضاف غذائي E927b,E927b
,,E938,مضاف غذائي E938,E938
,,E939,مضاف غذائي E939,E939
,,E941,مضاف غذائي E941,E941
,,E942,مضاف غذائي E942,E942
,,E943a,مضاف غذائي E943a,E943a
,,E943b,مضاف غذائي E943b,E943b
,,E944,مضاف غذائي E944,E944
,,E948,مضاف غذائي E948,E948
,,E949,مضاف غذائي E949,E949
,,E950,مضاف غذائي E950,E950
,,E951,مضاف غذائي E951,E951
,,E952,مضاف غذائي E952,E952
,,E953,مضاف غذائي E953,E953
,,E954,مضاف غذائي E954,E954
,,E955,مضاف غذائي E955,E955
,,E957,مضاف غذائي E957,E957
,,E959,مضاف غذائي E959,E959
,,E960,مضاف غذائي E960,E960
,,E961,مضاف غذائي E961,E961
,,E962,مضاف غذائي E962,E962
,,E964,مضاف غذائي E964,E964
,,E965i,مضاف غذائي E965i,E965i
,,E965ii,مضاف غذائي E965ii,E965ii
,,E966,مضاف غذائي E966,E966
,,E967,مضاف غذائي E967,E967
,,E968,مضاف غذائي E968,E968
,,E969,مضاف غذائي E969,E969
,,E999,مضاف غذائي E999,E999
,,Achiote Seed,مطهر البذور,Graine d'achiote
,,Cured,معالج,Salé
,,Anticaking Agents and Free-Flow Agents (),معامل مانع للتعجين,Anti-agglomérants et agents d'écoulement libre
,,Almond Paste,معجون اللوز,Pate d'amande
,,Coconut paste,معجون جوز الهند,Pâte de noix de coco
,,Busiate,معكرونة بوسياتي,Busiate
,,Busiati,معكرونة بوسياتي,Busiati
,,Bucatini,معكرونة بوكاتيني,Bucatini
,,Bigoli,معكرونة بيغولي,Bigoli
,,Anelli,معكرونة دائرية,Anelli
,,Anellini,معكرونة دائرية,Anellini
,,Ditali,معكرونة ديتاليني,Ditali
,,Ziti,معكرونة زيتي,Ziti
,,Cencioni,معكرونة سيسيوني,Cencioni
,,Caccavelle,معكرونة كاتشافيل,Caccavelle
,,Corzetti,معكرونة كورزيتي,Corzetti
,,Conchiglie,معكرونة كونكيليه,Conchiglie
,,Conchigliette,معكرونة كونكيليه,Conchigliette
,,Conchiglioni,معكرونة كونكيليه,Conchiglioni
,,Conchiglle,معكرونة كونكيليه,Conchiglle
,,Donderet,معكرونة محلية,Donderet
,,Agnolotti,معكرونة مربعة محشوة,Agnolotti
,,Canned,معلب,En conserve
,,Allergen Information:,معلومات عن الحساسية,Information sur les allergènes
,,American Muffin,مفن أمريكي,Muffin américain
,,American Muffins,مفن أمريكي,Muffins américain
,,Breakfast Muffin,مفنية صباحية,Muffin anglais
,,Brown rice crisp,مقرمشات الأرز البني,Riz brun croustillant
,,Crunchie,مقرمشة,Crunchie
,,Diced,مقطع على شكل مكعبات,En dés
,,Deep-fried,مقلي,Frit
,,Fried,مقلي,Frit
,,Dough Strengtheners,مقوي عجينة,Raffermisseurs de pâte
,,Crunchy Nut,مكسرات مقرمشة,Noix croquante
,,Broth Cube,مكعب المرق,Cube de bouillon
,,Bouillon Cube,مكعب مرقة,Bouillon de cube
,,Beef Bouillon Cube,مكعبات لحم البقر,Cube de bouillon debœuf
,,Chicken Bouillon Cube,مكعبات مرقة الدجاج,Cube de bouillon de poulet
,,Chicken Stock Cube,مكعبات مرقة الدجاج,Cube de bouillon de poulet
,,Baker’s Yeast Supplement,مكملات خميرة الخَبز,Supplément de levure de boulanger
,,Candied,ملبس,Confit
,,Ammonium Acetate,ملح,Acétate d'ammonium
,,Ammonium Adipates,ملح E359,Adipates d'ammonium
,,Celery Salt,ملح الكرفس,Sel de céleri
,,Epsom Salt,ملح إنجليزي,Sel d'Epsom
,,Black Salt,ملح أسود,Sel noir
,,Ammonium Alginate,ملح ألجنات الأمونيوم,Alginate d'ammonium
,,Ammonium alginate,ملح ألجنات الأمونيوم,Alginate d'ammonium
,,Curing Salt,ملح معالِج,Sel de traitement
,,Bok Choy,ملفوف صيني,Bok Choy
,,Abietic Acid,ملمع,Acide abiétique
,,Anthocyanins,ملون نباتي,Anthocyanes
,,Anthocyanins,ملون نباتي,Anthocyanes
,,from,من,A partir de
,,From Concentrate,من التركيز,A partir de concentré
,,Cultured Dairy Products,منتجات الألبان مخمرة,Produits laitiers de culture
,,Cultured Milk Products,منتجات الحليب المخمرة,Produits laitiers de culture
,,Acidity Regulators,منظم الحمض,Régulateurs d'acidité
,,Ammonium Muriate,منقح حمى الحليب,Ammonium Muriate
,,Alitame,منكه سكر غير حلو,Alitame
,,Alkaline Treated Starch,منكه سكر غير حلو,Amidon traité alcalin
,,Artificial Flavors (),منكهات صناعية,Arômes artificiels
,,Artificial Flavours (),منكهات صناعية,Arômes artificiels
,,Fruit Squash,مهروس الفاكهة,Courge aux fruits
,,Banana Squash,مهروس الموز,Courge banane
,,Acorn Squash,مهروس جوز البلوط,Courge poivrée
,,Digestive,مهضوم,Digestif
,,Blancmange,مهلبية,Blanc-manger
,,Allergens: Contains,مواد مسببة للحسسية: تحتوي على,Allergènes: contient
,,Banana,موزة,Banane
,,Chocolate Mousse,موس الشوكولاته,Mousse au chocolat
,,Barley Water,مياه الشعير,Boisson orgée
,,Coconut Water,مياه جوز الهند,Eau de noix de coco
,,Beer,مياه شعيرية,Bière
,,Carbonated Water,مياه غازية,Eau gazeuse
,,3-Methylthiopropionaldehyde,ميثيلثيوبربيو ألدهايد,Méthylthiopropionaldéhyde-3
,,Carriers / Carrier Solvents (),ناقلات / مذيبات الناقل (),Solvants de support
,,Ethyl Nonanoate,نانونيت الأثيل,Nonanoate d'éthyle
,,Burdock,نبات الأرقطيون,Bardane
,,Burdock Plant,نبات الأرقطيون,Plant de bardane
,,Angelica,نبات الأنجيليكا,Angélique
,,Barberry,نبات البرباريس,épine-vinette
,,Ginseng,نبات الجينسنغ,Ginseng
,,Elderberry,نبات الخمان,Sureau
,,Arrowroot,نبات الطاعة / جذور الأروروت,Marante
,,Arrowroot Plant,نبات الطاعة / جذور الأروروت,Plante de marante
,,Bay Laurel,نبات الغار,Feuille de laurier
,,Echinacea,نبات القنفذية,Échinacée
,,Devil's Claw,نبات الكُلَّاب,Griffes du diable
,,Dandelion Leaf,نبات الهندباء,Feuille de pissenlit
,,Calamus,نبات الوج,Calamus
,,Annatto,نبات يستخدم في تلوين الطعام,Annatto
,,Barley Wine,نبيذ الشعير,Vin d'orge
,,Fruit Wine,نبيذ الفاكهة,Vin de fruits
,,Cherry Wine,نبيذ الكرز,Vin de cerise
,,Coyol Wine,نبيذ كويول,Vin de coyol
,,Copper,نحاس,Cuivre
,,Bran,نخالة,Son de blé
,,Corn Bran,نخالة الذرة,Son de maïs
,,Acai Palm,نخل الأساي,Euterpe oleracea
,,Acetylated Starch,نشا الأستيل,Amidon acétylé
,,Acetylated starch - Starch acetate,نشا الأستيل,Amidon acétylé - Acétate d'amidon
,,Cornstarch,نشا الذرة,Fécule de maïs
,,Acid-Modified Corn Starch,نشا ذرة معدل,Amidon de maïs modifié à l'acide
,,Acid Treated Starch,نشا محمض,Amidon traité à l'acide
,,Enzyme Treated Starch,نشا معالج بالإينزيمات,Amidon traité aux enzymes
,,Acetylated Oxidised Starch,نشا مؤكسد بالأستيل,Amidon oxydé acétylé
,,Acetylated oxidised starch,نشا مؤكسد بالأستيل,Amidon oxydé acétylé
,,Corn Starch,نشاء الذرة,Fécule de maïs
,,"Cornstarch, Oxidized",نشاء الذرة ، مأكسد,Fécule de maïs oxydée
,,"Cornstarch, Acid-Modified",نشاء الذرة ، معدلة الحموضة,Fécule de maïs modifiée à l'acide
,,Bleached Starch,نشاء أبيض,Amidon blanchi
,,Droewors,نقاق جنوب أفريقية,Droewors
,,Frankfurter Sausage,نقاق على الطريقة الفرانكفورتية,Saucisses de Francfort
,,Artificial Flavorings (),نكهات صناعية,Arômes artificiels
,,Artificial Flavourings (),نكهات صناعية,Arômes artificiels
,,ANT,نملة,Antioxidants
,,Corn Kernel,نواة الذرة,Grain de mais
,,Anions,نواة سالبة,Anions
,,Egg noodles,نودلز البيض,Nouilles aux œufs
,,Cellophane Noodles,نودلز السيلوفان,Nouilles cellophane
,,Bakmi,نودلز باكمي الإندونيسية باللحم,Bakmi
,,Bakmi Noodles,نودلز باكمي الإندونيسية باللحم,Nouilles bakmi
,,Banh Da Noodles,نودلز بان دا,Nouilles Banh Da
,,Banh Pho Noodles,نودلز بان فو,Nouilles Banh Pho
,,Banh Canh Noodles,نودلز بان كان,Nouilles Banh Canh
,,Biangbiang Noodles,نودلز بيانغ بيانغ,Nouilles biáng biáng
,,Enriched egg noodles (),نودلز بيض معزز,Nouilles aux œufs enrichies
,,Daoxiao Noodles,نودلز داو زياو,Daoxiao Noodles
,,Chinkiang Pot Cover Noodles,نودلز شينكيانج,Nouilles Chinkiang Pot Cover
,,Dragon Beard Noodles,نودلز صينية,Nouilles barbe de dragon
,,Cheonsachae,نودلز كورية,Cheonsachae
,,Cheonsache Noodles,نودلز كورية,Nouilles Cheonsache
,,Dotori Guksu,نودلز كورية من الذرة,Dotori Guksu
,,Cumian Noodles,نودلز كوميان,Nouilles Cumian
,,Frozen Noodles,نودلز مثلج,Nouilles congelées
,,Cooked Noodles,نودلز مطبوخة,Nouilles Cuites
,,Fried Noodles,نودلز مقلية,Nouilles frites
,,Aluminium Nicotinate,نيكوتينات الألومونيوم,Nicotinate d'aluminium
,,2-hydroxybiphenyl,هايدروزيبيفينيل,Hydroxybiphényle-2
,,Ammonium Hydroxide,هايدروكسيد الأمونيون,Hydroxyde d'ammonium
,,Ammonium hydroxide,هايدروكسيد الأمونيون,Hydroxyde d'ammonium
,,Hobnobs,هوب نوبس,Hobnobs
,,Calcium Hydrate,هيدرات الكالسيوم,Hydrate de calcium
,,Calcium hydroxide,هيدروكسيد الكالسيوم,Hydroxyde de calcium
,,Calcium Hydroxide,هيدروكسيد الكالسيوم,Hydroxyde de calcium
,,4-Hexylresorcinol,هيكسيلريزورسينول,4-hexylrésorcinol
,,Cardamom,هيل,Cardamome
,,Cardamon,هيل,Cardamome
,,Cardamum,هيل,Cardamum
,,Black Cardamom,هيل أسود,Cardamome noire
,,and,و,et
,,and/or,و/أو,et/ou
,,and other,والآخرين,et autre
,,Almond Meal,وجبة لوز,Plat aux amandes
,,Bay Leaf,ورق الغار,Feuille de laurier
,,Bayleaves,ورق الغار,Feuilles de laurier
,,Avocado Leaf,ورقة أفوكادو,Feuille d'avocat
,,Domestic Goose,وز محلية,Oie domestique
,,Buckwheat Whiskey,ويسكي الحنطة السوداء,Whisky de sarrasin
,,Alabama Whiskey,ويسكي ألاباما,Whisky de l'Alabama
,,American Whiskey,ويسكي أمريكي,Whisky américain
,,Bourbon Whiskey,ويسكي بوربون,Whisky Bourbon
,,Canadian Whisky,ويسكي كندي,Whisky canadien
,,Anise,يانسون,Anis
,,Aniseed,يانسون,Graine d'anis
,,Contains,يحتوي على,Contient
,,Contains per Gram,يحتوي على ـــــ في كل غرام,Contient par gramme
,,Contains per Gramme,يحتوي على ـــــ في كل غرام,Contient par gramme
,,Contains 2% or less of,يحتوي على 2 ٪ أو أقل من,Contient 2% ou moins de
,,Contains less than 2% of:,يحتوي على أقل من 2 ٪ من:,Contient moins de 2% de
,,Contains a source of Phenylalanine,يحتوي على مصدر للفينيل ألانين,Contient une source de phénylalanine
,,Contains:,يحتوي على:,Contient:
,,"Cicely, Sweet",يقدونس إفرنجي ، حلو,"Cicely, Doux"
,,Calcium Iodate,يودات الكالسيوم,Iodate de calcium
,,Yuca,يوكا,Yuca
